SET SQL_MODE = "NO_AUTO_VALUE_ON_ZERO";
START TRANSACTION;
SET time_zone = "+00:00";

DROP TABLE IF EXISTS `categories`;
CREATE TABLE `categories` (
  `id` int NOT NULL,
  `nom_categorie` varchar(20) CHARACTER SET utf8mb4 COLLATE utf8mb4_general_ci NOT NULL,
  `libelle` varchar(150) CHARACTER SET utf8mb4 COLLATE utf8mb4_general_ci DEFAULT NULL
) ENGINE=InnoDB DEFAULT CHARSET=utf8mb4 COLLATE=utf8mb4_general_ci;

TRUNCATE TABLE `categories`;
INSERT INTO `categories` (`id`, `nom_categorie`, `libelle`) VALUES
(1, 'F45+', 'Masters F45+'),
(2, 'FCA', 'Cadettes'),
(3, 'FSE', 'Seniors F'),
(6, 'FMI', 'Minimes F'),
(10, 'F35+', 'Masters F35+'),
(11, 'FJU', 'Juniors F'),
(13, 'HSE', 'Seniors H'),
(15, 'HJU', 'Juniors H'),
(16, 'HCA', 'Cadets'),
(18, 'H45+', 'Masters H45+'),
(21, 'HMI', 'Minimes H'),
(22, 'HBE', 'Benjamins'),
(31, 'F55+', 'Masters F55+'),
(47, 'H55+', 'Masters H55+'),
(49, 'H35+', 'Masters H35+'),
(290, 'FBE', 'Benjamines'),
(398, 'FPO', 'Poussines'),
(2265, 'HPO', 'Poussins'),
(2420, '', NULL);

DROP TABLE IF EXISTS `epreuves`;
CREATE TABLE `epreuves` (
  `id` int NOT NULL,
  `nom_epreuve` varchar(20) CHARACTER SET utf8mb4 COLLATE utf8mb4_general_ci NOT NULL
) ENGINE=InnoDB DEFAULT CHARSET=utf8mb4 COLLATE=utf8mb4_general_ci;

TRUNCATE TABLE `epreuves`;
INSERT INTO `epreuves` (`id`, `nom_epreuve`) VALUES
(15, '100BI'),
(10, '100IS'),
(4, '100SF'),
(8, '1500SF'),
(16, '200BI'),
(12, '200IS'),
(5, '200SF'),
(17, '400BI'),
(13, '400IS'),
(6, '400SF'),
(9, '50AP'),
(14, '50BI'),
(1, '50SF'),
(11, '800IS'),
(7, '800SF');

DROP TABLE IF EXISTS `grille_qualifs`;
CREATE TABLE `grille_qualifs` (
  `id` int NOT NULL,
  `epreuve_id` int NOT NULL,
  `categorie_id` int NOT NULL,
  `temps_de_ref` varchar(20) CHARACTER SET utf8mb4 COLLATE utf8mb4_general_ci NOT NULL
) ENGINE=InnoDB DEFAULT CHARSET=utf8mb4 COLLATE=utf8mb4_general_ci;

TRUNCATE TABLE `grille_qualifs`;
INSERT INTO `grille_qualifs` (`id`, `epreuve_id`, `categorie_id`, `temps_de_ref`) VALUES
(1, 1, 3, '00:21.75'),
(2, 4, 3, '00:48.90'),
(3, 5, 3, '01:50.00'),
(4, 6, 3, '04:02.00'),
(5, 7, 3, '08:33.00'),
(6, 8, 3, '18:00.00'),
(7, 9, 3, '00:20.75'),
(8, 10, 3, '00:48.40'),
(9, 12, 3, '01:49.00'),
(10, 13, 3, '04:40.00'),
(11, 14, 3, '00:25.50'),
(12, 15, 3, '00:55.80'),
(13, 16, 3, '02:03.00'),
(14, 17, 3, '04:30.00'),
(15, 1, 13, '00:19.25'),
(16, 4, 13, '00:42.60'),
(17, 5, 13, '01:40.00'),
(18, 6, 13, '03:37.00'),
(19, 7, 13, '07:47.00'),
(20, 8, 13, '17:00.00'),
(21, 9, 13, '00:18.25'),
(22, 10, 13, '00:42.10'),
(23, 12, 13, '01:39.00'),
(24, 13, 13, '04:15.00'),
(25, 14, 13, '00:22.20'),
(26, 15, 13, '00:50.00'),
(27, 16, 13, '01:51.00'),
(28, 17, 13, '04:00.00'),
(29, 1, 11, '00:23.75'),
(30, 4, 11, '00:52.50'),
(31, 5, 11, '01:57.00'),
(32, 6, 11, '04:14.00'),
(33, 7, 11, '08:54.00'),
(34, 8, 11, '18:30.00'),
(35, 9, 11, '00:22.75'),
(36, 10, 11, '00:52.00'),
(37, 12, 11, '01:55.00'),
(38, 13, 11, '04:50.00'),
(39, 14, 11, '00:27.00'),
(40, 15, 11, '00:58.00'),
(41, 16, 11, '02:12.00'),
(42, 17, 11, '04:50.00'),
(43, 1, 15, '00:21.75'),
(44, 4, 15, '00:47.00'),
(45, 5, 15, '01:47.00'),
(46, 6, 15, '03:54.00'),
(47, 7, 15, '08:04.00'),
(48, 8, 15, '17:30.00'),
(49, 9, 15, '00:20.75'),
(50, 10, 15, '00:46.50'),
(51, 12, 15, '01:45.00'),
(52, 13, 15, '04:35.00'),
(53, 14, 15, '00:23.50'),
(54, 15, 15, '00:52.00'),
(55, 16, 15, '01:56.00'),
(56, 17, 15, '04:20.00');

DROP TABLE IF EXISTS `lieux`;
CREATE TABLE `lieux` (
  `id` int NOT NULL,
  `nom_lieu` varchar(150) CHARACTER SET utf8mb4 COLLATE utf8mb4_general_ci NOT NULL
) ENGINE=InnoDB DEFAULT CHARSET=utf8mb4 COLLATE=utf8mb4_general_ci;

TRUNCATE TABLE `lieux`;
INSERT INTO `lieux` (`id`, `nom_lieu`) VALUES
(1777, 'Abbeville (80 somme)'),
(1033, 'Aix en provence'),
(1338, 'Aix en provence (13 bouches du rhone)'),
(1487, 'Aix-en-provence'),
(2531, 'Amnéville'),
(12, 'Angers '),
(22, 'Auray'),
(33, 'Baud'),
(264, 'Brest'),
(1, 'Brest, piscine de recouvrance '),
(2532, 'Chartres'),
(1794, 'Chartres (28) centre aquatique'),
(967, 'Chateaubriant'),
(385, 'Dijon'),
(1183, 'Herouville'),
(1827, 'hongrie '),
(2076, 'La roche sur yon'),
(2256, 'La roche/yon'),
(92, 'Limoges'),
(2, 'Lorient '),
(2073, 'Montluçon'),
(1810, 'Montlucon (03) '),
(1809, 'Montlucon (03) centre aqua. de la loue'),
(2035, 'Montluçon (03-allier)'),
(2090, 'Montpellier'),
(2239, 'Pierrelatte (drôme)'),
(2549, 'Poznan'),
(279, 'Quimper'),
(2020, 'Quimper (29)'),
(261, 'Rennes'),
(1337, 'Rennes (35 ille-et-vilaine)'),
(3, 'Rennes (35) - piscine de brequigny'),
(1486, 'Rennes - piscine de bréquigny'),
(1485, 'Rennes-piscine de bréquigny'),
(1414, 'Romans sur isere'),
(1021, 'Saint-malo'),
(2501, 'Tours '),
(1554, 'Valence (26 drôme)'),
(11, 'Vannes'),
(1157, 'Versailles'),
(6, 'Versailles (78)'),
(1581, 'Versailles (78) confirmé'),
(1165, 'Villenave d\'ornon'),
(1259, 'Vittel');

DROP TABLE IF EXISTS `nageurs`;
CREATE TABLE `nageurs` (
  `id` int NOT NULL,
  `nom` varchar(100) CHARACTER SET utf8mb4 COLLATE utf8mb4_general_ci NOT NULL,
  `prenom` varchar(100) CHARACTER SET utf8mb4 COLLATE utf8mb4_general_ci NOT NULL,
  `genre` varchar(10) CHARACTER SET utf8mb4 COLLATE utf8mb4_general_ci NOT NULL,
  `date_naissance` date DEFAULT NULL
) ENGINE=InnoDB DEFAULT CHARSET=utf8mb4 COLLATE=utf8mb4_general_ci;

TRUNCATE TABLE `nageurs`;
INSERT INTO `nageurs` (`id`, `nom`, `prenom`, `genre`, `date_naissance`) VALUES
(1, 'GOBIN', 'Tifenn', 'Femmes', '1980-04-01'),
(2, 'KERJEAN', 'Eloise', 'Femmes', '2010-01-31'),
(3, 'NAVARRETE', 'Tesa', 'Femmes', '2007-05-26'),
(4, 'TANGUY', 'Chloe', 'Femmes', '2002-04-23'),
(5, 'BARBOT', 'Erell', 'Femmes', '2007-02-11'),
(6, 'RIOU', 'Julia', 'Femmes', '2013-01-19'),
(7, 'ROZE', 'Emma', 'Femmes', '2011-11-19'),
(8, 'LEBEE', 'Garance', 'Femmes', '2012-07-28'),
(9, 'VIGOUROUX', 'Nina', 'Femmes', '2013-10-08'),
(10, 'MARTIN', 'Céline', 'Femmes', '1985-01-09'),
(11, 'PENNARUN', 'Lea', 'Femmes', '2009-10-29'),
(12, 'LAVIGNE ', 'Anne', 'Femmes', '1981-10-06'),
(13, 'FRANCES', 'Mathis', 'Hommes', '2006-07-02'),
(14, 'GLEDEL-LESCARRET', 'Lorys', 'Hommes', '2006-08-26'),
(15, 'LEDUC', 'Zacharie', 'Hommes', '2009-04-07'),
(16, 'SOLLAZZO', 'Luca', 'Hommes', '2011-06-18'),
(17, 'SEGALEN', 'Nore', 'Hommes', '2009-09-13'),
(18, 'PRIGENT', 'Yves', 'Hommes', '1978-06-03'),
(19, 'VIGOUROUX', 'Nevis', 'Hommes', '2011-05-25'),
(20, 'PRIGENT', 'Celian', 'Hommes', '2010-12-18'),
(21, 'LE POGAM', 'Maxime', 'Hommes', '2012-01-25'),
(22, 'LANDOLSI', 'Simon', 'Hommes', '2014-02-25'),
(23, 'MAZOUZ PEILLET', 'Rayan', 'Hommes', '2011-12-08'),
(24, 'LESPAGNOL', 'Domitile', 'Femmes', '2006-09-16'),
(25, 'LE BIGOT ', 'Maelys', 'Femmes', '2008-06-10'),
(26, 'LECLERC', 'Anna', 'Femmes', '2007-10-04'),
(27, 'FEAT', 'Anne', 'Femmes', '1968-11-09'),
(28, 'FRINAULT', 'Anne', 'Femmes', '1966-05-25'),
(29, 'LE COANT ', 'Marie', 'Femmes', '1975-07-29'),
(30, 'HENRI', 'Thierry', 'Hommes', '1962-12-24'),
(31, 'SANCEAU', 'Matthieu', 'Hommes', '1990-11-05'),
(32, 'KERJEAN', 'Christophe', 'Hommes', '1975-08-21'),
(33, 'GUILLOU', 'Gilles', 'Hommes', '1971-07-05'),
(34, 'MOAL', 'Sabine', 'Femmes', '1970-12-11'),
(35, 'LANDOLSI', 'Marie', 'Femmes', '1978-05-15'),
(36, 'BOUTOUILLER', 'Florie', 'Femmes', '2005-06-14'),
(37, 'LEDUC', 'Emma', 'Femmes', '2004-05-08'),
(38, 'KERGOURLAY', 'Sandra', 'Femmes', '1973-10-14'),
(39, 'CHARPENTIER', 'Samuel', 'Hommes', '2009-09-18'),
(40, 'ROISEUX', 'Manny', 'Hommes', '2008-04-13'),
(41, 'OLLIVIER', 'Gérard', 'Hommes', '1969-04-19'),
(42, 'MAO', 'Joseph', 'Hommes', '1949-04-02'),
(43, 'CAMUS', 'Pauline', 'Femmes', '2009-03-31'),
(44, 'LEBEE', 'Thomas', 'Hommes', '1979-09-11'),
(45, 'SOLLAZZO', 'Gabriele', 'Hommes', '2016-01-15'),
(46, 'STEPHAN', 'Elodie', 'Femmes', '1993-10-20'),
(47, 'COATHALEM', 'Lou', 'Femmes', '2015-01-21'),
(48, 'LE TREUT', 'Emy', 'Femmes', '2014-05-24'),
(49, 'CARRENO NICOLAS', 'Celia', 'Femmes', '2015-03-09'),
(50, 'TORC\'H', 'Killian', 'Hommes', '2003-08-13'),
(51, 'LE TREUT', 'Julie', 'Femmes', '1989-04-07'),
(52, 'LE GALL', 'Helene', 'Femmes', '1982-11-25'),
(53, 'LE TREUT', 'Maë', 'Femmes', '2017-04-01'),
(54, 'SOLLAZZO', 'Azzura', 'Femmes', '2017-12-14'),
(55, 'PRIGENT', 'Sandra', 'Femmes', '1973-04-26'),
(56, 'LEGRAND', 'Titouan', 'Hommes', '2012-09-06'),
(57, 'LACO', 'Jeanne', 'Femmes', '2007-09-27'),
(58, 'QUERE', 'Lou-anne', 'Femmes', '2010-05-25'),
(59, 'KERJEAN', 'Maxim', 'Hommes', '2005-01-04'),
(60, 'LE NOC', 'Mathis', 'Hommes', '2006-06-05'),
(61, 'LE GALL', 'Thomas', 'Hommes', '2003-02-18'),
(62, 'KYLLIAN', 'Quere', 'Hommes', '2006-04-28'),
(63, 'DORMEGNIES', 'Mayeul', 'Hommes', '2010-04-22'),
(64, 'QUERE', 'Timéo', 'Hommes', '2008-12-24'),
(65, 'LE BOURGOCQ', 'Daphne', 'Femmes', '2008-03-27'),
(66, 'MORVAN', 'Mona', 'Femmes', '2007-12-29'),
(67, 'TEZENAS', 'Constance', 'Femmes', '2006-01-18'),
(68, 'PORCHERON', 'Alwena', 'Femmes', '2005-04-23'),
(69, 'RENEVOT', 'Chloe', 'Femmes', '2005-08-21'),
(70, 'SILCHER', 'Leanore', 'Femmes', '2006-03-21'),
(71, 'LE GOFF', 'Lea', 'Femmes', '2009-06-28'),
(72, 'LAVIGNE', 'Lise', 'Femmes', '2009-08-06'),
(73, 'LESPAGNOL', 'Martin', 'Hommes', '2002-03-19'),
(74, 'DIRUIT ', 'Thomas', 'Hommes', '1996-07-08'),
(75, 'MICOUT', 'Christophe', 'Hommes', '2005-06-28'),
(76, 'BIRD', 'Morgan', 'Hommes', '2001-09-10'),
(77, 'SICHLER', 'Marianne', 'Femmes', '1970-09-15'),
(78, 'LESPAGNOL', 'Rodolphe', 'Hommes', '1970-03-24'),
(79, 'BIRD', 'Clarence', 'Femmes', '2005-10-15'),
(80, 'POTIN', 'Jade', 'Femmes', '2003-04-06'),
(81, 'STEPHAN', 'Clemence', 'Femmes', '2009-07-21'),
(82, 'PRINGENT', 'Yves', 'Hommes', '1978-06-03'),
(83, 'MAURER', 'Irine', 'Femmes', '2004-03-06'),
(84, 'PLOUHINEC ', 'Malo', 'Hommes', '2003-09-23'),
(85, 'DIDOU', 'Alexandre', 'Hommes', '2007-08-18'),
(86, 'OLIVIER ', 'Romane', 'Femmes', '2007-12-26'),
(87, 'SEZNEC', 'Louis maël', 'Hommes', '2003-02-11'),
(88, 'POULIQUEN', 'Adelie', 'Femmes', '2002-05-25'),
(89, 'DIDOU', 'Caroline', 'Femmes', '2002-05-13'),
(90, 'MAURER', 'Evane', 'Femmes', '1998-04-12'),
(91, 'KERNALEGUEN', 'Manon', 'Femmes', '1998-08-25'),
(92, 'LE BIHAN', 'Aude', 'Femmes', '1987-11-25'),
(93, 'POTIN', 'Eden', 'Femmes', '2005-11-16'),
(94, 'LE GOUES', 'Melenn', 'Femmes', '2003-07-02'),
(95, 'LE CLEAC-H', 'Euriel', 'Femmes', '2004-08-04'),
(96, 'LE CLEAC\'H', 'Euriel', 'Femmes', '2004-08-04'),
(97, 'PENOBERT', 'Gabrielle', 'Femmes', '2004-12-26'),
(98, 'COROLLER', 'Gwenn', 'Femmes', '2005-03-18'),
(99, 'GLEDEL-LESCARRET', 'Estephe', 'Hommes', '2004-12-12'),
(100, 'BIHAN-POUDEC', 'Tanguy', 'Hommes', '2002-10-19'),
(101, 'RENEVOT', 'Baptiste', 'Hommes', '2000-02-27'),
(102, 'KERNALEGUEN', 'Thierry', 'Hommes', '1959-05-31'),
(103, 'DONNART', 'Nolwenn', 'Femmes', '1999-08-18'),
(104, 'CAIGNARD', 'Lisa', 'Femmes', '2007-05-18'),
(105, 'GOURLAY', 'Louise', 'Femmes', '2007-01-04'),
(106, 'ANQUETIN', 'Amélie', 'Femmes', '2001-08-29'),
(107, 'LE COQ', 'Enora', 'Femmes', '2000-07-08'),
(108, 'GROSJEAN', 'Marine ', 'Femmes', '1989-02-02'),
(109, 'LACO', 'Peggy', 'Femmes', '1973-01-29'),
(110, 'CHIRON ', 'Jonathan', 'Hommes', '2001-01-13'),
(111, 'KERAVEC', 'Benoit', 'Hommes', '1974-12-13'),
(112, 'TANGUY', 'Olivier', 'Hommes', '1974-05-03'),
(113, 'OLLIVIER', 'Florian', 'Hommes', '1987-11-11'),
(114, 'QUINIOU', 'Gaetan', 'Hommes', '2001-09-10'),
(115, 'SEVELEDER', 'Virginie', 'Femmes', '1975-03-08'),
(116, 'PERSON', 'Erine', 'Femmes', '2004-03-13'),
(117, 'TOULHOAT', 'Marie', 'Femmes', '1967-11-11'),
(118, 'RENEVOT', 'Mael', 'Hommes', '1997-05-02'),
(119, 'QUEMENER', 'Tanguy', 'Hommes', '2002-04-22'),
(120, 'LESPAGNOL', 'Thomas', 'Hommes', '1998-01-18'),
(121, 'VALLLEE', 'Thyphaine', 'Femmes', '1991-05-30'),
(122, 'VALLEE', 'Typhaine', 'Femmes', '1991-05-30'),
(123, 'BERTHEVAS', 'Servanne', 'Femmes', '1997-12-29'),
(124, 'LE GOFF', 'Maëla', 'Femmes', '1997-11-22'),
(125, 'SIDOIT', 'Maxime', 'Hommes', '1999-07-27'),
(126, 'LE ROUX ', 'Michel', 'Hommes', '1966-09-29'),
(127, 'BINIOU', 'Williams', 'Hommes', '1991-04-05'),
(128, 'BASTARD', 'Jacques', 'Hommes', '1959-04-10'),
(129, 'L HELGOUARCH LE MOIGNE', 'Robin', 'Hommes', '2008-09-18'),
(130, 'TUAL', 'Hélorie', 'Femmes', '1992-08-20'),
(131, 'CARIOU', 'Gaetan', 'Hommes', '1996-03-20'),
(132, 'RIGAULT', 'Gwen', 'Femmes', '1998-11-06'),
(133, 'HONTEBEYRIE', 'Delphine', 'Femmes', '1989-09-19'),
(134, 'SEZNEC', 'Enora', 'Femmes', '1999-03-21'),
(135, 'GUILLAUME', 'Romane', 'Femmes', '1999-02-14'),
(136, 'JUTTEAU', 'Leonie', 'Femmes', '2002-05-31'),
(137, 'LE LAY', 'Robin', 'Hommes', '1991-12-20'),
(138, 'KERNALEGUEN', 'Damien', 'Hommes', '1990-05-11'),
(139, 'CREQUER', 'Morgan', 'Hommes', '1998-08-11'),
(140, 'BIHAN-POUDEC', 'Emmanuel', 'Hommes', '1969-02-03'),
(141, 'BURGUIN', 'Pauline', 'Femmes', '1984-01-01'),
(142, 'PARISSE', 'Anne', 'Femmes', '1966-06-23'),
(143, 'PERON', 'Sophie', 'Femmes', '1974-07-14'),
(144, 'DESILLE', 'Anne', 'Femmes', '1970-11-05'),
(145, 'BOISTUAUD', 'Laurent', 'Hommes', '1971-04-20');

DROP TABLE IF EXISTS `performances`;
CREATE TABLE `performances` (
  `id` int NOT NULL,
  `nageur_id` int NOT NULL,
  `epreuve_id` int NOT NULL,
  `categorie_id` int NOT NULL,
  `lieu_id` int NOT NULL,
  `saison` int NOT NULL,
  `temps` varchar(20) CHARACTER SET utf8mb4 COLLATE utf8mb4_general_ci NOT NULL,
  `date_perf` varchar(50) CHARACTER SET utf8mb4 COLLATE utf8mb4_general_ci DEFAULT NULL,
  `classement` int DEFAULT NULL
) ENGINE=InnoDB DEFAULT CHARSET=utf8mb4 COLLATE=utf8mb4_general_ci;

TRUNCATE TABLE `performances`;
INSERT INTO `performances` (`id`, `nageur_id`, `epreuve_id`, `categorie_id`, `lieu_id`, `saison`, `temps`, `date_perf`, `classement`) VALUES
(1, 1, 1, 1, 1, 2025, '00:27.93', '20/10/2024', 12),
(2, 2, 1, 2, 2, 2025, '00:28.12', '01/02/2025', 40),
(3, 3, 1, 3, 3, 2025, '00:28.14', '15/03/2025', 50),
(4, 4, 1, 3, 2, 2025, '00:28.43', '01/02/2025', 53),
(5, 5, 1, 3, 3, 2025, '00:28.62', '15/03/2025', 54),
(6, 6, 1, 6, 6, 2025, '00:28.62', '14/06/2025', 19),
(7, 7, 1, 2, 3, 2025, '00:31.44', '15/03/2025', 53),
(8, 8, 1, 6, 2, 2025, '00:31.84', '01/02/2025', 31),
(9, 9, 1, 6, 3, 2025, '00:32.18', '15/03/2025', 36),
(10, 10, 1, 10, 1, 2025, '00:36.06', '20/10/2024', 31),
(11, 11, 1, 11, 11, 2025, '00:36.61', '24/11/2024', 44),
(12, 12, 1, 10, 12, 2025, '03:19.57', '26/01/2025', 38),
(13, 13, 1, 13, 3, 2025, '00:21.64', '15/03/2025', 41),
(14, 14, 1, 13, 3, 2025, '00:22.17', '15/03/2025', 46),
(15, 15, 1, 15, 2, 2025, '00:23.73', '01/02/2025', 19),
(16, 16, 1, 16, 11, 2025, '00:24.84', '24/11/2024', 15),
(17, 17, 1, 15, 2, 2025, '00:25.31', '01/02/2025', 24),
(18, 18, 1, 18, 2, 2025, '00:27.52', '01/02/2025', 22),
(19, 19, 1, 16, 2, 2025, '00:28.27', '01/02/2025', 33),
(20, 20, 1, 16, 2, 2025, '00:29.47', '01/02/2025', 39),
(21, 21, 1, 21, 6, 2025, '00:30.78', '14/06/2025', 24),
(22, 22, 1, 22, 22, 2025, '00:31.69', '12/01/2025', 5),
(23, 23, 1, 16, 3, 2025, '00:31.82', '15/03/2025', 43),
(24, 12, 4, 10, 6, 2025, '01:00.02', '14/06/2025', 9),
(25, 24, 4, 3, 12, 2025, '01:00.38', '26/01/2025', 53),
(26, 4, 4, 3, 2, 2025, '01:03.83', '01/02/2025', 55),
(27, 25, 4, 11, 11, 2025, '01:05.69', '24/11/2024', 35),
(28, 5, 4, 3, 3, 2025, '01:07.47', '15/03/2025', 62),
(29, 26, 4, 3, 12, 2025, '01:08.52', '26/01/2025', 64),
(30, 7, 4, 2, 3, 2025, '01:11.46', '15/03/2025', 44),
(31, 27, 4, 31, 12, 2025, '01:12.37', '26/01/2025', 13),
(32, 9, 4, 6, 3, 2025, '01:12.69', '15/03/2025', 22),
(33, 2, 4, 2, 33, 2025, '01:13.00', '30/03/2025', 47),
(34, 6, 4, 6, 1, 2025, '01:13.47', '20/10/2024', 25),
(35, 1, 4, 1, 11, 2025, '01:13.77', '24/11/2024', 28),
(36, 8, 4, 6, 2, 2025, '01:17.81', '01/02/2025', 35),
(37, 28, 4, 31, 12, 2025, '01:25.50', '26/01/2025', 20),
(38, 29, 4, 1, 12, 2025, '01:25.97', '26/01/2025', 38),
(39, 10, 4, 10, 1, 2025, '01:26.72', '20/10/2024', 42),
(40, 11, 4, 11, 2, 2025, '01:28.32', '01/02/2025', 46),
(41, 14, 4, 13, 11, 2025, '00:54.32', '24/11/2024', 55),
(42, 15, 4, 15, 2, 2025, '00:55.07', '01/02/2025', 21),
(43, 16, 4, 16, 2, 2025, '00:55.43', '01/02/2025', 16),
(44, 17, 4, 15, 3, 2025, '00:56.40', '15/03/2025', 22),
(45, 20, 4, 16, 2, 2025, '01:03.50', '01/02/2025', 28),
(46, 18, 4, 18, 2, 2025, '01:03.55', '01/02/2025', 29),
(47, 30, 4, 47, 6, 2025, '01:06.03', '14/06/2025', 16),
(48, 19, 4, 16, 2, 2025, '01:06.60', '01/02/2025', 38),
(49, 31, 4, 49, 2, 2025, '01:09.86', '01/02/2025', 21),
(50, 21, 4, 21, 6, 2025, '01:10.41', '14/06/2025', 20),
(51, 23, 4, 16, 3, 2025, '01:13.65', '15/03/2025', 43),
(52, 32, 4, 18, 33, 2025, '01:15.15', '30/03/2025', 42),
(53, 33, 4, 18, 2, 2025, '01:16.04', '01/02/2025', 45),
(54, 22, 4, 22, 33, 2025, '01:23.04', '30/03/2025', 13),
(55, 12, 5, 10, 33, 2025, '02:04.69', '30/03/2025', 5),
(56, 24, 5, 3, 12, 2025, '02:05.31', '26/01/2025', 32),
(57, 26, 5, 3, 12, 2025, '02:18.75', '26/01/2025', 44),
(58, 1, 5, 1, 11, 2025, '02:20.22', '24/11/2024', 8),
(59, 27, 5, 31, 12, 2025, '02:31.15', '26/01/2025', 7),
(60, 2, 5, 2, 33, 2025, '02:31.58', '30/03/2025', 37),
(61, 10, 5, 10, 1, 2025, '02:36.35', '20/10/2024', 20),
(62, 7, 5, 2, 33, 2025, '02:37.24', '30/03/2025', 38),
(63, 4, 5, 3, 12, 2025, '02:43.91', '26/01/2025', 52),
(64, 9, 5, 6, 6, 2025, '02:46.86', '14/06/2025', 27),
(65, 8, 5, 6, 33, 2025, '02:47.36', '30/03/2025', 28),
(66, 6, 5, 6, 6, 2025, '02:47.84', '14/06/2025', 30),
(67, 28, 5, 31, 12, 2025, '03:03.89', '26/01/2025', 11),
(68, 29, 5, 1, 12, 2025, '03:13.83', '26/01/2025', 34),
(69, 16, 5, 16, 33, 2025, '02:07.03', '30/03/2025', 13),
(70, 15, 5, 15, 33, 2025, '02:12.89', '30/03/2025', 18),
(71, 30, 5, 47, 6, 2025, '02:15.49', '14/06/2025', 11),
(72, 20, 5, 16, 33, 2025, '02:16.82', '30/03/2025', 19),
(73, 21, 5, 21, 33, 2025, '02:23.24', '30/03/2025', 12),
(74, 31, 5, 49, 12, 2025, '02:28.22', '26/01/2025', 10),
(75, 19, 5, 16, 33, 2025, '02:29.67', '30/03/2025', 27),
(76, 18, 5, 18, 33, 2025, '02:30.68', '30/03/2025', 21),
(77, 32, 5, 18, 33, 2025, '02:34.59', '30/03/2025', 23),
(78, 33, 5, 18, 2, 2025, '02:42.80', '01/02/2025', 28),
(79, 22, 5, 22, 33, 2025, '02:52.49', '30/03/2025', 8),
(80, 24, 6, 3, 12, 2025, '04:18.84', '26/01/2025', 23),
(81, 12, 6, 10, 1, 2025, '04:19.66', '20/10/2024', 4),
(82, 10, 6, 10, 1, 2025, '04:41.83', '20/10/2024', 8),
(83, 1, 6, 1, 11, 2025, '04:47.00', '24/11/2024', 3),
(84, 2, 6, 2, 33, 2025, '05:08.20', '30/03/2025', 29),
(85, 27, 6, 31, 12, 2025, '05:09.15', '26/01/2025', 6),
(86, 6, 6, 6, 6, 2025, '05:34.73', '14/06/2025', 23),
(87, 4, 6, 3, 12, 2025, '05:37.86', '26/01/2025', 43),
(88, 9, 6, 6, 6, 2025, '05:45.16', '14/06/2025', 30),
(89, 8, 6, 6, 33, 2025, '05:47.02', '30/03/2025', 31),
(90, 28, 6, 31, 12, 2025, '06:16.89', '26/01/2025', 10),
(91, 29, 6, 1, 12, 2025, '06:55.51', '26/01/2025', 28),
(92, 16, 6, 16, 92, 2025, '04:34.86', '29/05/2025', 10),
(93, 30, 6, 47, 6, 2025, '04:38.11', '14/06/2025', 8),
(94, 15, 6, 15, 33, 2025, '04:42.75', '30/03/2025', 12),
(95, 31, 6, 49, 22, 2025, '04:53.87', '12/01/2025', 9),
(96, 21, 6, 21, 6, 2025, '05:07.85', '14/06/2025', 16),
(97, 32, 6, 18, 2, 2025, '05:14.66', '01/02/2025', 16),
(98, 20, 6, 16, 33, 2025, '05:21.46', '02/03/2025', 25),
(99, 19, 6, 16, 33, 2025, '05:33.17', '30/03/2025', 27),
(100, 33, 6, 18, 2, 2025, '05:37.92', '01/02/2025', 22),
(101, 22, 6, 22, 33, 2025, '05:55.49', '30/03/2025', 4),
(102, 12, 7, 10, 12, 2025, '08:52.54', '26/01/2025', 2),
(103, 1, 7, 1, 11, 2025, '09:40.54', '24/11/2024', 1),
(104, 27, 7, 31, 12, 2025, '10:25.00', '26/01/2025', 3),
(105, 2, 7, 2, 33, 2025, '10:36.30', '30/03/2025', 19),
(106, 6, 7, 6, 6, 2025, '11:49.96', '14/06/2025', 21),
(107, 9, 7, 6, 6, 2025, '12:10.41', '14/06/2025', 28),
(108, 8, 7, 6, 33, 2025, '12:19.01', '30/03/2025', 29),
(109, 28, 7, 31, 12, 2025, '12:58.70', '26/01/2025', 6),
(110, 10, 7, 10, 1, 2025, '13:01.22', '20/10/2024', 14),
(111, 29, 7, 1, 12, 2025, '14:01.30', '26/01/2025', 21),
(112, 16, 7, 16, 92, 2025, '09:17.30', '29/05/2025', 7),
(113, 30, 7, 47, 6, 2025, '09:24.69', '14/06/2025', 4),
(114, 31, 7, 49, 11, 2025, '10:11.32', '24/11/2024', 5),
(115, 32, 7, 18, 2, 2025, '10:29.57', '01/02/2025', 10),
(116, 21, 7, 21, 6, 2025, '10:54.29', '14/06/2025', 16),
(117, 33, 7, 18, 2, 2025, '11:18.70', '01/02/2025', 16),
(118, 22, 7, 22, 33, 2025, '12:04.76', '30/03/2025', 2),
(119, 1, 8, 1, 1, 2025, '18:20.13', '20/10/2024', 1),
(120, 2, 8, 2, 33, 2025, '20:06.30', '30/03/2025', 6),
(121, 27, 8, 31, 33, 2025, '20:18.96', '30/03/2025', 1),
(122, 29, 8, 1, 12, 2025, '26:32.60', '26/01/2025', 3),
(123, 30, 8, 47, 33, 2025, '18:26.43', '30/03/2025', 1),
(124, 32, 8, 18, 33, 2025, '20:01.34', '30/03/2025', 5),
(125, 31, 8, 49, 33, 2025, '20:25.35', '30/03/2025', 1),
(126, 22, 8, 22, 33, 2025, '22:55.74', '30/03/2025', 1),
(127, 24, 9, 3, 12, 2025, '00:21.42', '26/01/2025', 28),
(128, 12, 9, 10, 1, 2025, '00:25.34', '20/10/2024', 7),
(129, 2, 9, 2, 11, 2025, '00:26.29', '24/11/2024', 24),
(130, 27, 9, 31, 12, 2025, '00:26.62', '26/01/2025', 2),
(131, 1, 9, 1, 1, 2025, '00:26.96', '20/10/2024', 8),
(132, 25, 9, 11, 1, 2025, '00:28.15', '20/10/2024', 25),
(133, 34, 9, 31, 1, 2025, '00:37.75', '20/10/2024', 6),
(134, 13, 9, 13, 3, 2025, '00:19.81', '15/03/2025', 40),
(135, 14, 9, 13, 3, 2025, '00:20.13', '15/03/2025', 43),
(136, 15, 9, 15, 1, 2025, '00:24.02', '20/10/2024', 21),
(137, 12, 10, 10, 12, 2025, '01:00.43', '26/01/2025', 5),
(138, 35, 10, 1, 12, 2025, '01:09.43', '26/01/2025', 6),
(139, 9, 10, 6, 6, 2025, '01:11.11', '14/06/2025', 19),
(140, 6, 10, 6, 6, 2025, '01:11.63', '14/06/2025', 20),
(141, 8, 10, 6, 33, 2025, '01:27.37', '30/03/2025', 33),
(142, 21, 10, 21, 6, 2025, '01:18.06', '14/06/2025', 26),
(143, 12, 12, 10, 12, 2025, '02:07.34', '26/01/2025', 4),
(144, 35, 12, 1, 12, 2025, '02:30.92', '26/01/2025', 4),
(145, 36, 14, 3, 12, 2025, '00:24.37', '26/01/2025', 22),
(146, 2, 14, 2, 92, 2025, '00:26.07', '29/05/2025', 11),
(147, 37, 14, 3, 1, 2025, '00:26.50', '20/10/2024', 39),
(148, 26, 14, 3, 11, 2025, '00:26.97', '24/11/2024', 46),
(149, 4, 14, 3, 11, 2025, '00:27.34', '24/11/2024', 55),
(150, 24, 14, 3, 1, 2025, '00:28.38', '20/10/2024', 63),
(151, 3, 14, 3, 22, 2025, '00:28.45', '12/01/2025', 64),
(152, 12, 14, 10, 33, 2025, '00:28.60', '30/03/2025', 8),
(153, 5, 14, 3, 3, 2025, '00:29.59', '15/03/2025', 74),
(154, 6, 14, 6, 6, 2025, '00:29.66', '14/06/2025', 17),
(155, 8, 14, 6, 33, 2025, '00:30.27', '30/03/2025', 25),
(156, 7, 14, 2, 33, 2025, '00:30.60', '30/03/2025', 47),
(157, 27, 14, 31, 11, 2025, '00:31.30', '24/11/2024', 8),
(158, 9, 14, 6, 33, 2025, '00:31.96', '30/03/2025', 36),
(159, 38, 14, 1, 1, 2025, '00:32.07', '20/10/2024', 32),
(160, 11, 14, 11, 1, 2025, '00:36.90', '20/10/2024', 50),
(161, 29, 14, 1, 1, 2025, '00:38.58', '20/10/2024', 50),
(162, 15, 14, 15, 92, 2025, '00:22.75', '29/05/2025', 9),
(163, 16, 14, 16, 92, 2025, '00:23.81', '29/05/2025', 6),
(164, 39, 14, 15, 11, 2025, '00:24.02', '24/11/2024', 16),
(165, 14, 14, 13, 12, 2025, '00:24.05', '26/01/2025', 55),
(166, 13, 14, 13, 11, 2025, '00:24.32', '24/11/2024', 60),
(167, 40, 14, 15, 11, 2025, '00:25.03', '24/11/2024', 25),
(168, 17, 14, 15, 12, 2025, '00:25.53', '26/01/2025', 29),
(169, 20, 14, 16, 33, 2025, '00:27.06', '30/03/2025', 26),
(170, 19, 14, 16, 3, 2025, '00:27.16', '15/03/2025', 27),
(171, 18, 14, 18, 33, 2025, '00:27.35', '30/03/2025', 28),
(172, 31, 14, 49, 1, 2025, '00:27.53', '20/10/2024', 21),
(173, 41, 14, 47, 1, 2025, '00:27.96', '20/10/2024', 18),
(174, 21, 14, 21, 6, 2025, '00:30.67', '14/06/2025', 27),
(175, 23, 14, 16, 33, 2025, '00:31.10', '30/03/2025', 47),
(176, 22, 14, 22, 3, 2025, '00:31.87', '15/03/2025', 5),
(177, 42, 14, 177, 1, 2025, '00:48.77', '20/10/2024', 2),
(178, 36, 15, 3, 3, 2025, '00:54.28', '15/03/2025', 22),
(179, 2, 15, 2, 92, 2025, '00:58.12', '29/05/2025', 8),
(180, 26, 15, 3, 11, 2025, '01:00.21', '24/11/2024', 39),
(181, 4, 15, 3, 11, 2025, '01:02.39', '24/11/2024', 48),
(182, 1, 15, 1, 11, 2025, '01:03.09', '24/11/2024', 7),
(183, 3, 15, 3, 11, 2025, '01:03.94', '24/11/2024', 53),
(184, 12, 15, 10, 33, 2025, '01:05.82', '30/03/2025', 12),
(185, 5, 15, 3, 3, 2025, '01:06.07', '15/03/2025', 58),
(186, 27, 15, 31, 11, 2025, '01:08.43', '24/11/2024', 5),
(187, 6, 15, 6, 11, 2025, '01:10.81', '24/11/2024', 13),
(188, 7, 15, 2, 2, 2025, '01:11.14', '01/02/2025', 42),
(189, 8, 15, 6, 11, 2025, '01:12.09', '24/11/2024', 16),
(190, 34, 15, 31, 1, 2025, '01:14.08', '20/10/2024', 10),
(191, 9, 15, 6, 3, 2025, '01:17.05', '15/03/2025', 30),
(192, 38, 15, 1, 1, 2025, '01:17.23', '20/10/2024', 34),
(193, 11, 15, 11, 11, 2025, '01:26.51', '24/11/2024', 46),
(194, 29, 15, 1, 1, 2025, '01:29.73', '20/10/2024', 42),
(195, 15, 15, 15, 92, 2025, '00:51.00', '29/05/2025', 8),
(196, 16, 15, 16, 92, 2025, '00:53.23', '29/05/2025', 8),
(197, 14, 15, 13, 11, 2025, '00:53.55', '24/11/2024', 47),
(198, 13, 15, 13, 11, 2025, '00:54.72', '24/11/2024', 55),
(199, 39, 15, 15, 11, 2025, '00:54.87', '24/11/2024', 17),
(200, 40, 15, 15, 11, 2025, '00:55.13', '24/11/2024', 18),
(201, 17, 15, 15, 3, 2025, '00:57.58', '15/03/2025', 24),
(202, 20, 15, 16, 3, 2025, '01:00.26', '15/03/2025', 22),
(203, 19, 15, 16, 3, 2025, '01:00.50', '15/03/2025', 24),
(204, 18, 15, 18, 3, 2025, '01:00.66', '15/03/2025', 24),
(205, 30, 15, 47, 6, 2025, '01:01.92', '14/06/2025', 13),
(206, 32, 15, 18, 2, 2025, '01:02.40', '01/02/2025', 27),
(207, 31, 15, 49, 1, 2025, '01:04.30', '20/10/2024', 17),
(208, 33, 15, 18, 2, 2025, '01:04.97', '01/02/2025', 34),
(209, 22, 15, 22, 22, 2025, '01:06.75', '12/01/2025', 1),
(210, 41, 15, 47, 1, 2025, '01:08.01', '20/10/2024', 26),
(211, 21, 15, 21, 3, 2025, '01:08.67', '15/03/2025', 15),
(212, 23, 15, 16, 3, 2025, '01:18.03', '15/03/2025', 53),
(213, 42, 15, 177, 11, 2025, '01:57.08', '24/11/2024', 1),
(214, 36, 16, 3, 3, 2025, '02:00.17', '15/03/2025', 21),
(215, 2, 16, 2, 33, 2025, '02:05.46', '30/03/2025', 6),
(216, 1, 16, 1, 11, 2025, '02:12.72', '24/11/2024', 3),
(217, 26, 16, 3, 3, 2025, '02:14.24', '15/03/2025', 31),
(218, 12, 16, 10, 33, 2025, '02:15.13', '30/03/2025', 3),
(219, 4, 16, 3, 3, 2025, '02:17.24', '15/03/2025', 34),
(220, 3, 16, 3, 12, 2025, '02:24.03', '26/01/2025', 41),
(221, 27, 16, 31, 1, 2025, '02:24.45', '20/10/2024', 3),
(222, 34, 16, 31, 1, 2025, '02:43.38', '20/10/2024', 7),
(223, 38, 16, 1, 1, 2025, '02:44.22', '20/10/2024', 22),
(224, 29, 16, 1, 1, 2025, '03:10.07', '20/10/2024', 30),
(225, 11, 16, 11, 1, 2025, '03:26.43', '20/10/2024', 37),
(226, 16, 16, 16, 92, 2025, '01:59.35', '29/05/2025', 5),
(227, 15, 16, 15, 92, 2025, '02:02.48', '29/05/2025', 13),
(228, 40, 16, 15, 1, 2025, '02:06.28', '20/10/2024', 15),
(229, 14, 16, 13, 22, 2025, '02:08.79', '12/01/2025', 46),
(230, 30, 16, 47, 6, 2025, '02:09.37', '14/06/2025', 2),
(231, 17, 16, 15, 12, 2025, '02:15.84', '26/01/2025', 23),
(232, 20, 16, 16, 3, 2025, '02:17.26', '15/03/2025', 18),
(233, 32, 16, 18, 3, 2025, '02:22.69', '15/03/2025', 19),
(234, 41, 16, 47, 1, 2025, '02:23.91', '20/10/2024', 11),
(235, 18, 16, 18, 3, 2025, '02:24.49', '15/03/2025', 22),
(236, 19, 16, 16, 12, 2025, '02:24.93', '26/01/2025', 25),
(237, 31, 16, 49, 33, 2025, '02:27.59', '30/03/2025', 13),
(238, 21, 16, 21, 3, 2025, '02:28.67', '15/03/2025', 9),
(239, 22, 16, 22, 33, 2025, '02:37.13', '30/03/2025', 2),
(240, 33, 16, 18, 2, 2025, '02:40.95', '01/02/2025', 29),
(241, 23, 16, 16, 33, 2025, '02:49.48', '30/03/2025', 38),
(242, 36, 17, 3, 3, 2025, '04:20.38', '15/03/2025', 14),
(243, 2, 17, 2, 92, 2025, '04:30.82', '29/05/2025', 9),
(244, 1, 17, 1, 11, 2025, '04:37.78', '24/11/2024', 2),
(245, 26, 17, 3, 3, 2025, '04:51.47', '15/03/2025', 24),
(246, 4, 17, 3, 2, 2025, '05:08.03', '01/02/2025', 29),
(247, 27, 17, 31, 11, 2025, '05:18.13', '24/11/2024', 3),
(248, 16, 17, 16, 92, 2025, '04:19.15', '29/05/2025', 5),
(249, 15, 17, 15, 92, 2025, '04:26.90', '29/05/2025', 11),
(250, 30, 17, 47, 6, 2025, '04:32.37', '14/06/2025', 1),
(251, 14, 17, 13, 22, 2025, '04:33.75', '12/01/2025', 36),
(252, 40, 17, 15, 11, 2025, '04:37.96', '24/11/2024', 16),
(253, 31, 17, 49, 2, 2025, '05:03.30', '01/02/2025', 5),
(254, 20, 17, 16, 3, 2025, '05:07.40', '15/03/2025', 20),
(255, 32, 17, 18, 2, 2025, '05:09.87', '01/02/2025', 13),
(256, 17, 17, 15, 11, 2025, '05:19.85', '24/11/2024', 22),
(257, 18, 17, 18, 3, 2025, '05:24.72', '15/03/2025', 16),
(258, 21, 17, 21, 3, 2025, '05:29.65', '15/03/2025', 9),
(259, 33, 17, 18, 2, 2025, '05:31.43', '01/02/2025', 18),
(260, 22, 17, 22, 22, 2025, '05:35.84', '12/01/2025', 1),
(261, 25, 1, 3, 261, 2026, '00:26.50', '14/03/2026', 50),
(262, 2, 1, 11, 2, 2026, '00:27.18', '07/02/2026', 26),
(263, 25, 1, 3, 2, 2026, '00:27.36', '07/02/2026', 53),
(264, 7, 1, 2, 264, 2026, '00:27.70', '16/11/2025', 32),
(265, 43, 1, 11, 2, 2026, '00:28.13', '07/02/2026', 30),
(266, 8, 1, 2, 264, 2026, '00:30.35', '16/11/2025', 40),
(267, 38, 1, 1, 2, 2026, '00:32.71', '07/02/2026', 26),
(268, 10, 1, 10, 264, 2026, '00:35.10', '16/11/2025', 19),
(269, 13, 1, 13, 261, 2026, '00:21.03', '14/03/2026', 32),
(270, 15, 1, 15, 2, 2026, '00:23.06', '07/02/2026', 17),
(271, 16, 1, 16, 2, 2026, '00:24.09', '07/02/2026', 14),
(272, 19, 1, 16, 2, 2026, '00:26.51', '07/02/2026', 25),
(273, 20, 1, 15, 2, 2026, '00:26.63', '07/02/2026', 23),
(274, 18, 1, 18, 261, 2026, '00:27.28', '14/03/2026', 19),
(275, 44, 1, 18, 2, 2026, '00:27.67', '07/02/2026', 23),
(276, 22, 1, 21, 261, 2026, '00:30.55', '14/03/2026', 21),
(277, 45, 1, 22, 33, 2026, '00:37.82', '12/10/2025', 9),
(278, 25, 4, 3, 12, 2026, '00:56.84', '25/01/2026', 51),
(279, 12, 4, 1, 279, 2026, '01:00.54', '29/03/2026', 7),
(280, 8, 4, 2, 12, 2026, '01:00.75', '25/01/2026', 30),
(281, 7, 4, 2, 12, 2026, '01:01.65', '25/01/2026', 31),
(282, 36, 4, 3, 12, 2026, '01:02.32', '25/01/2026', 62),
(283, 43, 4, 11, 2, 2026, '01:03.06', '07/02/2026', 30),
(284, 1, 4, 1, 12, 2026, '01:03.83', '25/01/2026', 15),
(285, 46, 4, 3, 12, 2026, '01:08.47', '25/01/2026', 68),
(286, 27, 4, 31, 12, 2026, '01:12.08', '25/01/2026', 13),
(287, 9, 4, 6, 279, 2026, '01:16.19', '29/03/2026', 34),
(288, 38, 4, 1, 279, 2026, '01:18.39', '29/03/2026', 34),
(289, 10, 4, 10, 264, 2026, '01:19.74', '16/11/2025', 30),
(290, 47, 4, 290, 279, 2026, '01:22.57', '29/03/2026', 8),
(291, 48, 4, 6, 279, 2026, '01:23.82', '29/03/2026', 45),
(292, 49, 4, 290, 279, 2026, '01:46.48', '29/03/2026', 21),
(293, 13, 4, 13, 261, 2026, '00:48.17', '14/03/2026', 27),
(294, 50, 4, 13, 12, 2026, '00:50.18', '25/01/2026', 38),
(295, 15, 4, 15, 2, 2026, '00:51.04', '07/02/2026', 16),
(296, 16, 4, 16, 2, 2026, '00:54.04', '07/02/2026', 13),
(297, 20, 4, 15, 2, 2026, '00:58.56', '07/02/2026', 21),
(298, 19, 4, 16, 12, 2026, '00:58.62', '25/01/2026', 19),
(299, 44, 4, 18, 2, 2026, '01:04.02', '07/02/2026', 21),
(300, 18, 4, 18, 12, 2026, '01:04.59', '25/01/2026', 24),
(301, 30, 4, 47, 2, 2026, '01:07.74', '07/02/2026', 23),
(302, 22, 4, 21, 279, 2026, '01:09.23', '29/03/2026', 17),
(303, 21, 4, 16, 279, 2026, '01:12.72', '29/03/2026', 41),
(304, 31, 4, 49, 12, 2026, '01:13.27', '25/01/2026', 15),
(305, 32, 4, 18, 264, 2026, '01:13.66', '16/11/2025', 33),
(306, 45, 4, 22, 12, 2026, '01:23.73', '25/01/2026', 7),
(307, 12, 5, 1, 279, 2026, '02:07.13', '29/03/2026', 2),
(308, 36, 5, 3, 12, 2026, '02:10.80', '25/01/2026', 45),
(309, 7, 5, 2, 279, 2026, '02:14.15', '29/03/2026', 28),
(310, 1, 5, 1, 12, 2026, '02:15.96', '25/01/2026', 7),
(311, 8, 5, 2, 279, 2026, '02:16.57', '29/03/2026', 30),
(312, 27, 5, 31, 12, 2026, '02:20.89', '25/01/2026', 3),
(313, 43, 5, 11, 279, 2026, '02:30.59', '29/03/2026', 26),
(314, 9, 5, 6, 279, 2026, '02:45.04', '29/03/2026', 28),
(315, 38, 5, 1, 279, 2026, '02:48.04', '29/03/2026', 24),
(316, 47, 5, 290, 279, 2026, '02:52.89', '29/03/2026', 3),
(317, 10, 5, 10, 2, 2026, '03:00.51', '07/02/2026', 19),
(318, 48, 5, 6, 279, 2026, '03:02.12', '29/03/2026', 40),
(319, 49, 5, 290, 279, 2026, '03:37.40', '29/03/2026', 11),
(320, 16, 5, 16, 279, 2026, '02:02.42', '29/03/2026', 11),
(321, 15, 5, 15, 279, 2026, '02:05.35', '29/03/2026', 13),
(322, 20, 5, 15, 279, 2026, '02:13.85', '29/03/2026', 16),
(323, 30, 5, 47, 2, 2026, '02:19.80', '07/02/2026', 13),
(324, 19, 5, 16, 279, 2026, '02:21.79', '29/03/2026', 24),
(325, 18, 5, 18, 12, 2026, '02:22.64', '25/01/2026', 14),
(326, 22, 5, 21, 279, 2026, '02:26.67', '29/03/2026', 9),
(327, 21, 5, 16, 279, 2026, '02:33.06', '29/03/2026', 32),
(328, 31, 5, 49, 12, 2026, '02:33.51', '25/01/2026', 9),
(329, 32, 5, 18, 279, 2026, '02:33.95', '29/03/2026', 20),
(330, 45, 5, 22, 279, 2026, '03:29.48', '29/03/2026', 8),
(331, 9, 6, 6, 264, 2026, '04:14.83', '16/11/2025', 2),
(332, 12, 6, 1, 279, 2026, '04:19.13', '29/03/2026', 1),
(333, 36, 6, 3, 12, 2026, '04:20.71', '25/01/2026', 21),
(334, 1, 6, 1, 12, 2026, '04:38.55', '25/01/2026', 4),
(335, 7, 6, 2, 261, 2026, '04:48.76', '14/03/2026', 27),
(336, 27, 6, 31, 12, 2026, '05:07.87', '25/01/2026', 6),
(337, 8, 6, 2, 264, 2026, '05:40.80', '16/11/2025', 33),
(338, 10, 6, 10, 2, 2026, '06:10.16', '07/02/2026', 13),
(339, 16, 6, 16, 12, 2026, '04:26.15', '25/01/2026', 10),
(340, 30, 6, 47, 2, 2026, '04:47.23', '07/02/2026', 10),
(341, 22, 6, 21, 279, 2026, '05:01.20', '29/03/2026', 8),
(342, 21, 6, 16, 279, 2026, '05:06.02', '29/03/2026', 19),
(343, 32, 6, 18, 279, 2026, '05:12.67', '29/03/2026', 14),
(344, 31, 6, 49, 12, 2026, '05:18.98', '25/01/2026', 8),
(345, 12, 7, 1, 279, 2026, '08:56.88', '29/03/2026', 1),
(346, 1, 7, 1, 12, 2026, '10:05.40', '25/01/2026', 3),
(347, 27, 7, 31, 264, 2026, '10:55.79', '16/11/2025', 3),
(348, 9, 7, 6, 264, 2026, '11:49.66', '16/11/2025', 27),
(349, 10, 7, 10, 2, 2026, '12:35.60', '07/02/2026', 9),
(350, 32, 7, 18, 12, 2026, '08:29.49', '25/01/2026', 1),
(351, 16, 7, 16, 12, 2026, '09:02.05', '25/01/2026', 7),
(352, 30, 7, 47, 2, 2026, '09:41.36', '07/02/2026', 8),
(353, 22, 7, 21, 279, 2026, '10:21.78', '29/03/2026', 6),
(354, 21, 7, 16, 33, 2026, '10:39.36', '12/10/2025', 12),
(355, 31, 7, 49, 12, 2026, '10:45.81', '25/01/2026', 4),
(356, 12, 8, 1, 12, 2026, '18:02.44', '25/01/2026', 1),
(357, 1, 8, 1, 12, 2026, '18:52.41', '25/01/2026', 2),
(358, 27, 8, 31, 12, 2026, '20:50.06', '25/01/2026', 1),
(359, 30, 8, 47, 12, 2026, '18:32.73', '25/01/2026', 2),
(360, 32, 8, 18, 279, 2026, '20:09.52', '29/03/2026', 2),
(361, 31, 8, 49, 12, 2026, '21:04.52', '25/01/2026', 2),
(362, 25, 9, 3, 12, 2026, '00:23.08', '25/01/2026', 36),
(363, 2, 9, 11, 279, 2026, '00:25.15', '29/03/2026', 23),
(364, 8, 9, 2, 279, 2026, '00:26.35', '29/03/2026', 19),
(365, 27, 9, 31, 12, 2026, '00:27.01', '25/01/2026', 2),
(366, 13, 9, 13, 261, 2026, '00:18.61', '14/03/2026', 20),
(367, 16, 9, 16, 279, 2026, '00:21.60', '29/03/2026', 7),
(368, 20, 9, 15, 279, 2026, '00:24.39', '29/03/2026', 18),
(369, 18, 9, 18, 264, 2026, '00:29.90', '16/11/2025', 15),
(370, 12, 10, 1, 279, 2026, '00:56.34', '29/03/2026', 1),
(371, 8, 10, 2, 261, 2026, '01:02.64', '14/03/2026', 12),
(372, 7, 10, 2, 279, 2026, '01:07.83', '29/03/2026', 13),
(373, 9, 10, 6, 279, 2026, '01:10.33', '29/03/2026', 17),
(374, 22, 10, 21, 261, 2026, '01:15.89', '14/03/2026', 20),
(375, 21, 10, 16, 2, 2026, '01:25.06', '07/02/2026', 13),
(376, 12, 12, 1, 12, 2026, '02:08.94', '25/01/2026', 2),
(377, 8, 12, 2, 261, 2026, '02:29.94', '14/03/2026', 8),
(378, 21, 12, 16, 2, 2026, '03:07.15', '07/02/2026', 8),
(384, 36, 14, 3, 261, 2026, '00:24.63', '14/03/2026', 20),
(385, 2, 14, 11, 385, 2026, '00:26.25', '13/12/2025', 10),
(386, 43, 14, 11, 279, 2026, '00:28.22', '29/03/2026', 26),
(387, 8, 14, 2, 279, 2026, '00:28.56', '29/03/2026', 30),
(388, 25, 14, 3, 279, 2026, '00:29.13', '29/03/2026', 56),
(389, 12, 14, 1, 279, 2026, '00:29.13', '29/03/2026', 7),
(390, 51, 14, 10, 279, 2026, '00:29.69', '29/03/2026', 12),
(391, 9, 14, 6, 12, 2026, '00:30.20', '25/01/2026', 18),
(392, 7, 14, 2, 279, 2026, '00:30.29', '29/03/2026', 41),
(393, 52, 14, 10, 279, 2026, '00:31.39', '29/03/2026', 22),
(394, 38, 14, 1, 279, 2026, '00:32.59', '29/03/2026', 37),
(395, 48, 14, 6, 279, 2026, '00:35.95', '29/03/2026', 46),
(396, 46, 14, 3, 12, 2026, '00:36.14', '25/01/2026', 75),
(397, 49, 14, 290, 279, 2026, '00:38.04', '29/03/2026', 9),
(398, 53, 14, 398, 279, 2026, '00:38.37', '29/03/2026', 5),
(399, 47, 14, 290, 279, 2026, '00:38.41', '29/03/2026', 10),
(400, 54, 14, 398, 279, 2026, '00:40.69', '29/03/2026', 7),
(401, 55, 14, 1, 279, 2026, '00:41.63', '29/03/2026', 54),
(402, 50, 14, 13, 12, 2026, '00:22.44', '25/01/2026', 26),
(403, 15, 14, 15, 261, 2026, '00:23.08', '14/03/2026', 10),
(404, 16, 14, 16, 12, 2026, '00:23.41', '25/01/2026', 2),
(405, 13, 14, 13, 279, 2026, '00:23.50', '29/03/2026', 48),
(406, 17, 14, 15, 12, 2026, '00:24.73', '25/01/2026', 20),
(407, 20, 14, 15, 261, 2026, '00:25.89', '14/03/2026', 26),
(408, 19, 14, 16, 261, 2026, '00:25.99', '14/03/2026', 20),
(409, 44, 14, 18, 12, 2026, '00:26.92', '25/01/2026', 25),
(410, 31, 14, 49, 12, 2026, '00:27.77', '25/01/2026', 13),
(411, 21, 14, 16, 279, 2026, '00:27.78', '29/03/2026', 35),
(412, 22, 14, 21, 279, 2026, '00:29.46', '29/03/2026', 15),
(413, 56, 14, 16, 279, 2026, '00:32.99', '29/03/2026', 66),
(414, 45, 14, 22, 279, 2026, '00:34.74', '29/03/2026', 5),
(415, 42, 14, 177, 264, 2026, '00:50.72', '16/11/2025', 2),
(416, 36, 15, 3, 261, 2026, '00:53.80', '14/03/2026', 20),
(417, 2, 15, 11, 261, 2026, '00:58.55', '14/03/2026', 14),
(418, 1, 15, 1, 12, 2026, '01:02.25', '25/01/2026', 3),
(419, 43, 15, 11, 2, 2026, '01:02.88', '07/02/2026', 27),
(420, 25, 15, 3, 2, 2026, '01:07.25', '07/02/2026', 54),
(421, 8, 15, 2, 2, 2026, '01:07.97', '07/02/2026', 37),
(422, 38, 15, 1, 264, 2026, '01:12.67', '16/11/2025', 20),
(423, 9, 15, 6, 264, 2026, '01:12.98', '16/11/2025', 16),
(424, 7, 15, 2, 2, 2026, '01:20.96', '07/02/2026', 50),
(425, 10, 15, 10, 2, 2026, '01:36.27', '07/02/2026', 35),
(426, 50, 15, 13, 261, 2026, '00:51.27', '14/03/2026', 28),
(427, 15, 15, 15, 261, 2026, '00:51.70', '14/03/2026', 8),
(428, 16, 15, 16, 2, 2026, '00:53.04', '07/02/2026', 6),
(429, 13, 15, 13, 261, 2026, '00:53.41', '14/03/2026', 45),
(430, 20, 15, 15, 279, 2026, '00:57.77', '29/03/2026', 18),
(431, 17, 15, 15, 261, 2026, '00:58.08', '14/03/2026', 19),
(432, 19, 15, 16, 261, 2026, '00:58.67', '14/03/2026', 16),
(433, 21, 15, 16, 2, 2026, '01:00.54', '07/02/2026', 22),
(434, 18, 15, 18, 264, 2026, '01:01.49', '16/11/2025', 21),
(435, 32, 15, 18, 2, 2026, '01:02.19', '07/02/2026', 24),
(436, 44, 15, 18, 261, 2026, '01:03.67', '14/03/2026', 29),
(437, 30, 15, 47, 2, 2026, '01:03.75', '07/02/2026', 13),
(438, 31, 15, 49, 2, 2026, '01:07.22', '07/02/2026', 16),
(439, 56, 15, 16, 279, 2026, '01:14.43', '29/03/2026', 54),
(440, 22, 15, 21, 2, 2026, '01:15.88', '07/02/2026', 18),
(441, 45, 15, 22, 264, 2026, '01:23.86', '16/11/2025', 4),
(442, 42, 15, 177, 264, 2026, '02:05.45', '16/11/2025', 2),
(443, 36, 16, 3, 12, 2026, '01:57.65', '25/01/2026', 11),
(444, 2, 16, 11, 385, 2026, '02:07.63', '13/12/2025', 12),
(445, 1, 16, 1, 12, 2026, '02:11.53', '25/01/2026', 3),
(446, 43, 16, 11, 279, 2026, '02:25.52', '29/03/2026', 29),
(447, 7, 16, 2, 2, 2026, '02:45.89', '07/02/2026', 35),
(448, 38, 16, 1, 2, 2026, '02:48.78', '07/02/2026', 19),
(449, 10, 16, 10, 2, 2026, '03:15.45', '07/02/2026', 25),
(450, 50, 16, 13, 279, 2026, '01:51.21', '29/03/2026', 23),
(451, 16, 16, 16, 279, 2026, '01:51.30', '29/03/2026', 1),
(452, 15, 16, 15, 261, 2026, '02:00.40', '14/03/2026', 9),
(453, 20, 16, 15, 279, 2026, '02:03.22', '29/03/2026', 11),
(454, 30, 16, 47, 2, 2026, '02:13.90', '07/02/2026', 7),
(455, 19, 16, 16, 279, 2026, '02:15.00', '29/03/2026', 16),
(456, 21, 16, 16, 22, 2026, '02:16.00', '18/01/2026', 19),
(457, 18, 16, 18, 279, 2026, '02:21.35', '29/03/2026', 20),
(458, 17, 16, 15, 261, 2026, '02:22.19', '14/03/2026', 21),
(459, 44, 16, 18, 261, 2026, '02:24.51', '14/03/2026', 24),
(460, 32, 16, 18, 2, 2026, '02:32.98', '07/02/2026', 34),
(461, 22, 16, 21, 2, 2026, '02:35.08', '07/02/2026', 5),
(462, 56, 16, 16, 279, 2026, '02:37.89', '29/03/2026', 43),
(463, 31, 16, 49, 2, 2026, '02:45.94', '07/02/2026', 17),
(464, 45, 16, 22, 279, 2026, '03:13.56', '29/03/2026', 8),
(465, 2, 17, 11, 385, 2026, '04:34.68', '13/12/2025', 10),
(466, 43, 17, 11, 2, 2026, '05:24.69', '07/02/2026', 27),
(467, 7, 17, 2, 2, 2026, '05:31.75', '07/02/2026', 27),
(468, 38, 17, 1, 264, 2026, '05:45.62', '16/11/2025', 13),
(469, 10, 17, 10, 2, 2026, '06:27.67', '07/02/2026', 11),
(470, 16, 17, 16, 264, 2026, '04:21.89', '16/11/2025', 2),
(471, 20, 17, 15, 261, 2026, '04:27.46', '14/03/2026', 11),
(472, 15, 17, 15, 264, 2026, '04:28.17', '16/11/2025', 12),
(473, 30, 17, 47, 2, 2026, '04:37.71', '07/02/2026', 2),
(474, 21, 17, 16, 22, 2026, '04:47.74', '18/01/2026', 13),
(475, 50, 17, 13, 33, 2026, '05:04.56', '12/10/2025', 41),
(476, 19, 17, 16, 261, 2026, '05:05.62', '14/03/2026', 19),
(477, 22, 17, 21, 2, 2026, '05:11.85', '07/02/2026', 3),
(478, 32, 17, 18, 33, 2026, '05:15.92', '12/10/2025', 18),
(479, 44, 17, 18, 2, 2026, '05:20.24', '07/02/2026', 21),
(480, 18, 17, 18, 264, 2026, '05:25.65', '16/11/2025', 22),
(481, 31, 17, 49, 2, 2026, '05:31.18', '07/02/2026', 6),
(963, 24, 1, 3, 261, 2024, '00:22.00', '06/04/2024', 28),
(964, 36, 1, 3, 2, 2024, '00:24.80', '10/02/2024', 56),
(965, 35, 1, 1, 12, 2024, '00:25.27', '15/06/2024', 3),
(966, 12, 1, 10, 2, 2024, '00:25.38', '10/02/2024', 8),
(967, 57, 1, 11, 967, 2024, '00:25.54', '26/11/2023', 23),
(968, 26, 1, 11, 2, 2024, '00:27.60', '10/02/2024', 31),
(969, 1, 1, 10, 2, 2024, '00:27.63', '10/02/2024', 13),
(970, 2, 1, 2, 2, 2024, '00:28.23', '10/02/2024', 34),
(971, 58, 1, 2, 2, 2024, '00:29.58', '10/02/2024', 38),
(972, 43, 1, 2, 2, 2024, '00:30.04', '10/02/2024', 40),
(973, 6, 1, 290, 2, 2024, '00:32.22', '10/02/2024', 6),
(974, 11, 1, 2, 2, 2024, '00:39.35', '10/02/2024', 54),
(975, 29, 1, 1, 2, 2024, '00:40.26', '10/02/2024', 34),
(976, 59, 1, 13, 264, 2024, '00:19.95', '15/10/2023', 27),
(977, 14, 1, 13, 967, 2024, '00:21.55', '26/11/2023', 39),
(978, 60, 1, 13, 2, 2024, '00:21.77', '10/02/2024', 41),
(979, 61, 1, 13, 2, 2024, '00:23.02', '10/02/2024', 51),
(980, 13, 1, 13, 261, 2024, '00:23.80', '06/04/2024', 55),
(981, 62, 1, 13, 2, 2024, '00:24.92', '10/02/2024', 62),
(982, 15, 1, 16, 2, 2024, '00:25.33', '10/02/2024', 20),
(983, 39, 1, 16, 261, 2024, '00:25.61', '06/04/2024', 22),
(984, 16, 1, 21, 12, 2024, '00:26.74', '15/06/2024', 10),
(985, 63, 1, 16, 2, 2024, '00:29.45', '10/02/2024', 29),
(986, 64, 1, 15, 261, 2024, '00:31.71', '06/04/2024', 34),
(987, 21, 1, 21, 261, 2024, '00:34.59', '06/04/2024', 39),
(988, 22, 1, 22, 2, 2024, '00:35.45', '10/02/2024', 16),
(989, 24, 4, 3, 261, 2024, '00:49.28', '06/04/2024', 27),
(990, 57, 4, 11, 967, 2024, '00:56.21', '26/11/2023', 21),
(991, 12, 4, 10, 12, 2024, '00:56.26', '15/06/2024', 6),
(992, 35, 4, 1, 12, 2024, '00:56.85', '15/06/2024', 5),
(993, 2, 4, 2, 2, 2024, '01:01.60', '10/02/2024', 29),
(994, 1, 4, 10, 967, 2024, '01:02.43', '26/11/2023', 14),
(995, 26, 4, 11, 2, 2024, '01:06.05', '10/02/2024', 36),
(996, 43, 4, 2, 2, 2024, '01:10.32', '10/02/2024', 46),
(997, 58, 4, 2, 2, 2024, '01:10.77', '10/02/2024', 47),
(998, 27, 4, 31, 264, 2024, '01:14.40', '15/10/2023', 7),
(999, 6, 4, 290, 2, 2024, '01:17.05', '10/02/2024', 10),
(1000, 28, 4, 31, 12, 2024, '01:26.04', '15/06/2024', 15),
(1001, 29, 4, 1, 2, 2024, '01:30.40', '10/02/2024', 35),
(1002, 11, 4, 2, 2, 2024, '01:32.70', '10/02/2024', 60),
(1003, 60, 4, 13, 2, 2024, '00:51.25', '10/02/2024', 39),
(1004, 61, 4, 13, 2, 2024, '00:54.08', '10/02/2024', 48),
(1005, 13, 4, 13, 2, 2024, '00:55.63', '10/02/2024', 51),
(1006, 62, 4, 13, 2, 2024, '00:55.94', '10/02/2024', 53),
(1007, 15, 4, 16, 2, 2024, '00:57.48', '10/02/2024', 18),
(1008, 30, 4, 47, 12, 2024, '01:04.49', '15/06/2024', 17),
(1009, 16, 4, 21, 2, 2024, '01:04.52', '10/02/2024', 11),
(1010, 63, 4, 16, 2, 2024, '01:04.73', '10/02/2024', 26),
(1011, 39, 4, 16, 2, 2024, '01:06.89', '10/02/2024', 28),
(1012, 32, 4, 18, 967, 2024, '01:10.66', '26/11/2023', 34),
(1013, 64, 4, 15, 2, 2024, '01:18.10', '10/02/2024', 37),
(1014, 31, 4, 13, 261, 2024, '01:19.43', '06/04/2024', 73),
(1015, 21, 4, 21, 2, 2024, '01:21.53', '10/02/2024', 39),
(1016, 22, 4, 22, 2, 2024, '01:22.80', '10/02/2024', 13),
(1017, 24, 5, 3, 261, 2024, '01:46.09', '06/04/2024', 15),
(1018, 12, 5, 10, 12, 2024, '01:58.06', '15/06/2024', 1),
(1019, 1, 5, 10, 967, 2024, '02:13.72', '26/11/2023', 7),
(1020, 57, 5, 11, 967, 2024, '02:15.23', '26/11/2023', 22),
(1021, 26, 5, 11, 1021, 2024, '02:21.68', '17/03/2024', 24),
(1022, 58, 5, 2, 1021, 2024, '02:35.46', '17/03/2024', 35),
(1023, 27, 5, 31, 264, 2024, '02:39.01', '15/10/2023', 6),
(1024, 6, 5, 290, 1021, 2024, '02:50.06', '17/03/2024', 6),
(1025, 28, 5, 31, 12, 2024, '03:02.13', '15/06/2024', 12),
(1026, 30, 5, 47, 12, 2024, '02:13.29', '15/06/2024', 7),
(1027, 63, 5, 16, 1021, 2024, '02:20.76', '17/03/2024', 16),
(1028, 16, 5, 21, 12, 2024, '02:27.51', '15/06/2024', 14),
(1029, 32, 5, 18, 967, 2024, '02:31.39', '26/11/2023', 24),
(1030, 31, 5, 13, 261, 2024, '02:37.77', '06/04/2024', 45),
(1031, 22, 5, 22, 1021, 2024, '02:56.92', '17/03/2024', 9),
(1032, 21, 5, 21, 12, 2024, '03:01.95', '15/06/2024', 37),
(1033, 24, 6, 3, 1033, 2024, '03:53.40', '02/05/2024', 12),
(1034, 12, 6, 10, 12, 2024, '04:16.24', '15/06/2024', 3),
(1035, 1, 6, 10, 967, 2024, '04:40.55', '26/11/2023', 7),
(1036, 57, 6, 11, 967, 2024, '04:47.48', '26/11/2023', 14),
(1037, 27, 6, 31, 264, 2024, '05:28.74', '15/10/2023', 6),
(1038, 28, 6, 31, 12, 2024, '06:13.73', '15/06/2024', 10),
(1039, 30, 6, 47, 12, 2024, '04:35.35', '15/06/2024', 6),
(1040, 16, 6, 21, 12, 2024, '05:07.12', '15/06/2024', 14),
(1041, 32, 6, 18, 967, 2024, '05:11.54', '26/11/2023', 21),
(1042, 21, 6, 21, 12, 2024, '06:06.43', '15/06/2024', 36),
(1043, 12, 7, 10, 12, 2024, '08:48.98', '15/06/2024', 2),
(1044, 1, 7, 10, 2, 2024, '09:31.14', '10/02/2024', 5),
(1045, 57, 7, 11, 967, 2024, '09:50.48', '26/11/2023', 10),
(1046, 27, 7, 31, 264, 2024, '11:14.04', '15/10/2023', 4),
(1047, 28, 7, 31, 12, 2024, '12:36.14', '15/06/2024', 8),
(1048, 30, 7, 47, 12, 2024, '09:21.36', '15/06/2024', 2),
(1049, 32, 7, 18, 2, 2024, '10:55.44', '10/02/2024', 11),
(1050, 16, 7, 21, 12, 2024, '11:12.96', '15/06/2024', 16),
(1051, 21, 7, 21, 12, 2024, '13:16.39', '15/06/2024', 35),
(1052, 1, 8, 10, 261, 2024, '18:21.04', '06/04/2024', 2),
(1053, 27, 8, 31, 264, 2024, '21:16.04', '15/10/2023', 2),
(1054, 32, 8, 18, 1021, 2024, '20:49.14', '17/03/2024', 4),
(1055, 24, 9, 3, 1033, 2024, '00:19.14', '02/05/2024', 15),
(1056, 2, 9, 2, 1021, 2024, '00:23.69', '17/03/2024', 16),
(1057, 27, 9, 31, 264, 2024, '00:28.75', '15/10/2023', 4),
(1058, 65, 9, 11, 967, 2024, '00:28.81', '26/11/2023', 25),
(1059, 60, 9, 13, 261, 2024, '00:19.26', '06/04/2024', 38),
(1060, 14, 9, 13, 261, 2024, '00:20.33', '06/04/2024', 47),
(1061, 13, 9, 13, 1021, 2024, '00:22.00', '17/03/2024', 55),
(1062, 35, 10, 1, 12, 2024, '00:53.24', '15/06/2024', 2),
(1063, 12, 10, 10, 12, 2024, '01:02.62', '15/06/2024', 5),
(1064, 60, 10, 13, 261, 2024, '00:58.86', '06/04/2024', 28),
(1065, 16, 10, 21, 12, 2024, '01:11.66', '15/06/2024', 18),
(1066, 21, 10, 21, 1021, 2024, '01:47.88', '17/03/2024', 33),
(1067, 12, 12, 10, 12, 2024, '02:12.18', '15/06/2024', 3),
(1068, 60, 12, 13, 261, 2024, '02:07.39', '06/04/2024', 18),
(1069, 12, 13, 10, 12, 2024, '04:31.88', '15/06/2024', 3),
(1070, 36, 14, 3, 1033, 2024, '00:24.13', '02/05/2024', 18),
(1071, 37, 14, 3, 261, 2024, '00:25.29', '06/04/2024', 25),
(1072, 1, 14, 10, 12, 2024, '00:26.45', '15/06/2024', 2),
(1073, 2, 14, 2, 1021, 2024, '00:27.41', '17/03/2024', 19),
(1074, 26, 14, 11, 1021, 2024, '00:27.67', '17/03/2024', 20),
(1075, 57, 14, 11, 967, 2024, '00:27.71', '26/11/2023', 22),
(1076, 24, 14, 3, 1021, 2024, '00:28.00', '17/03/2024', 50),
(1077, 66, 14, 11, 264, 2024, '00:29.05', '15/10/2023', 30),
(1078, 12, 14, 10, 1021, 2024, '00:29.23', '17/03/2024', 10),
(1079, 65, 14, 11, 967, 2024, '00:29.35', '26/11/2023', 32),
(1080, 58, 14, 2, 1021, 2024, '00:30.33', '17/03/2024', 40),
(1081, 27, 14, 31, 264, 2024, '00:30.66', '15/10/2023', 8),
(1082, 6, 14, 290, 1021, 2024, '00:31.07', '17/03/2024', 4),
(1083, 67, 14, 3, 264, 2024, '00:32.32', '15/10/2023', 78),
(1084, 34, 14, 1, 264, 2024, '00:32.77', '15/10/2023', 31),
(1085, 29, 14, 1, 264, 2024, '00:37.69', '15/10/2023', 45),
(1086, 59, 14, 13, 264, 2024, '00:22.86', '15/10/2023', 38),
(1087, 62, 14, 13, 967, 2024, '00:23.88', '26/11/2023', 54),
(1088, 14, 14, 13, 264, 2024, '00:24.47', '15/10/2023', 63),
(1089, 60, 14, 13, 261, 2024, '00:24.63', '06/04/2024', 66),
(1090, 61, 14, 13, 264, 2024, '00:24.65', '15/10/2023', 67),
(1091, 15, 14, 16, 1033, 2024, '00:24.93', '02/05/2024', 12),
(1092, 13, 14, 13, 1021, 2024, '00:25.56', '17/03/2024', 77),
(1093, 39, 14, 16, 261, 2024, '00:26.09', '06/04/2024', 19),
(1094, 32, 14, 18, 12, 2024, '00:26.49', '15/06/2024', 24),
(1095, 16, 14, 21, 12, 2024, '00:27.24', '15/06/2024', 8),
(1096, 63, 14, 16, 1021, 2024, '00:27.81', '17/03/2024', 29),
(1097, 41, 14, 47, 264, 2024, '00:28.79', '15/10/2023', 19),
(1098, 64, 14, 15, 967, 2024, '00:31.81', '26/11/2023', 40),
(1099, 21, 14, 21, 261, 2024, '00:34.24', '06/04/2024', 40),
(1100, 22, 14, 22, 1021, 2024, '00:35.84', '17/03/2024', 17),
(1101, 36, 15, 3, 1033, 2024, '00:52.78', '02/05/2024', 16),
(1102, 37, 15, 3, 261, 2024, '00:55.95', '06/04/2024', 26),
(1103, 1, 15, 10, 12, 2024, '00:56.72', '15/06/2024', 1),
(1104, 2, 15, 2, 1033, 2024, '00:59.87', '02/05/2024', 12),
(1105, 26, 15, 11, 261, 2024, '01:02.27', '06/04/2024', 18),
(1106, 58, 15, 2, 261, 2024, '01:04.58', '06/04/2024', 27),
(1107, 65, 15, 11, 967, 2024, '01:04.87', '26/11/2023', 22),
(1108, 66, 15, 11, 967, 2024, '01:06.47', '26/11/2023', 28),
(1109, 43, 15, 2, 2, 2024, '01:09.77', '10/02/2024', 36),
(1110, 12, 15, 10, 2, 2024, '01:10.23', '10/02/2024', 19),
(1111, 34, 15, 1, 264, 2024, '01:14.15', '15/10/2023', 26),
(1112, 67, 15, 3, 2, 2024, '01:14.35', '10/02/2024', 76),
(1113, 6, 15, 290, 2, 2024, '01:19.32', '10/02/2024', 9),
(1114, 28, 15, 31, 264, 2024, '01:22.97', '15/10/2023', 18),
(1115, 11, 15, 2, 2, 2024, '01:23.82', '10/02/2024', 59),
(1116, 29, 15, 1, 264, 2024, '01:28.57', '15/10/2023', 38),
(1117, 59, 15, 13, 264, 2024, '00:50.59', '15/10/2023', 34),
(1118, 61, 15, 13, 2, 2024, '00:52.39', '10/02/2024', 44),
(1119, 60, 15, 13, 967, 2024, '00:54.67', '26/11/2023', 58),
(1120, 14, 15, 13, 261, 2024, '00:54.73', '06/04/2024', 59),
(1121, 15, 15, 16, 261, 2024, '00:55.30', '06/04/2024', 10),
(1122, 62, 15, 13, 261, 2024, '00:55.46', '06/04/2024', 66),
(1123, 13, 15, 13, 261, 2024, '00:55.74', '06/04/2024', 67),
(1124, 39, 15, 16, 261, 2024, '01:00.09', '06/04/2024', 18),
(1125, 30, 15, 47, 12, 2024, '01:00.17', '15/06/2024', 11),
(1126, 32, 15, 18, 12, 2024, '01:00.38', '15/06/2024', 23),
(1127, 41, 15, 47, 264, 2024, '01:05.13', '15/10/2023', 18),
(1128, 63, 15, 16, 2, 2024, '01:05.19', '10/02/2024', 30),
(1129, 16, 15, 21, 261, 2024, '01:06.26', '06/04/2024', 9),
(1130, 64, 15, 15, 2, 2024, '01:17.43', '10/02/2024', 40),
(1131, 21, 15, 21, 261, 2024, '01:20.86', '06/04/2024', 36),
(1132, 22, 15, 22, 1021, 2024, '01:22.63', '17/03/2024', 13),
(1133, 61, 16, 13, 264, 2024, '02:02.46', '15/10/2023', 39),
(1134, 30, 16, 47, 12, 2024, '02:07.53', '15/06/2024', 2),
(1135, 15, 16, 16, 261, 2024, '02:07.90', '06/04/2024', 10),
(1136, 62, 16, 13, 967, 2024, '02:07.93', '26/11/2023', 52),
(1137, 60, 16, 13, 967, 2024, '02:08.11', '26/11/2023', 53),
(1138, 13, 16, 13, 1021, 2024, '02:13.59', '17/03/2024', 63),
(1139, 32, 16, 18, 1021, 2024, '02:17.39', '17/03/2024', 18),
(1140, 63, 16, 16, 1021, 2024, '02:20.50', '17/03/2024', 15),
(1141, 39, 16, 16, 261, 2024, '02:25.74', '06/04/2024', 22),
(1142, 41, 16, 47, 264, 2024, '02:26.74', '15/10/2023', 13),
(1143, 16, 16, 21, 967, 2024, '02:41.35', '26/11/2023', 13),
(1144, 22, 16, 22, 1021, 2024, '02:49.42', '17/03/2024', 5),
(1145, 64, 16, 15, 967, 2024, '02:51.34', '26/11/2023', 37),
(1146, 21, 16, 21, 967, 2024, '03:14.76', '26/11/2023', 28),
(1147, 30, 17, 47, 12, 2024, '04:29.03', '15/06/2024', 1),
(1148, 62, 17, 13, 261, 2024, '04:49.12', '06/04/2024', 49),
(1149, 60, 17, 13, 264, 2024, '04:49.56', '15/10/2023', 50),
(1150, 13, 17, 13, 2, 2024, '04:55.99', '10/02/2024', 51),
(1151, 15, 17, 16, 261, 2024, '04:57.69', '06/04/2024', 13),
(1152, 32, 17, 18, 261, 2024, '05:01.15', '06/04/2024', 12),
(1153, 41, 17, 47, 264, 2024, '05:31.65', '15/10/2023', 13),
(1154, 63, 17, 16, 264, 2024, '06:09.45', '15/10/2023', 28),
(1155, 21, 17, 21, 2, 2024, '06:40.20', '10/02/2024', 12),
(1156, 24, 1, 11, 261, 2023, '00:21.81', '19/05/2023', 6),
(1157, 68, 1, 3, 1157, 2023, '00:22.30', '11/03/2023', 26),
(1158, 69, 1, 3, 279, 2023, '00:24.05', '20/11/2022', 45),
(1159, 37, 1, 3, 279, 2023, '00:24.36', '20/11/2022', 48),
(1160, 66, 1, 11, 279, 2023, '00:24.38', '20/11/2022', 13),
(1161, 70, 1, 11, 1033, 2023, '00:24.67', '08/04/2023', 14),
(1162, 36, 1, 3, 2, 2023, '00:24.70', '04/02/2023', 50),
(1163, 57, 1, 11, 2, 2023, '00:24.86', '04/02/2023', 15),
(1164, 1, 1, 10, 279, 2023, '00:27.61', '20/11/2022', 10),
(1165, 2, 1, 6, 1165, 2023, '00:28.11', '07/05/2023', 18),
(1166, 71, 1, 2, 2, 2023, '00:28.25', '04/02/2023', 32),
(1167, 72, 1, 2, 2, 2023, '00:29.53', '04/02/2023', 39),
(1168, 43, 1, 2, 279, 2023, '00:31.30', '20/11/2022', 48),
(1169, 58, 1, 6, 279, 2023, '00:34.82', '20/11/2022', 53),
(1170, 59, 1, 13, 2, 2023, '00:18.76', '04/02/2023', 14),
(1171, 73, 1, 13, 279, 2023, '00:21.28', '20/11/2022', 28),
(1172, 60, 1, 15, 22, 2023, '00:22.04', '08/01/2023', 17),
(1173, 74, 1, 13, 279, 2023, '00:23.81', '20/11/2022', 47),
(1174, 14, 1, 15, 1157, 2023, '00:25.05', '11/03/2023', 30),
(1175, 75, 1, 13, 22, 2023, '00:27.41', '08/01/2023', 53),
(1176, 15, 1, 16, 2, 2023, '00:27.82', '04/02/2023', 20),
(1177, 76, 1, 13, 279, 2023, '00:28.21', '20/11/2022', 56),
(1178, 62, 1, 15, 2, 2023, '00:28.32', '04/02/2023', 40),
(1179, 63, 1, 21, 22, 2023, '00:32.48', '08/01/2023', 22),
(1180, 24, 4, 11, 261, 2023, '00:46.73', '19/05/2023', 6),
(1181, 37, 4, 3, 12, 2023, '00:53.83', '22/01/2023', 44),
(1182, 69, 4, 3, 33, 2023, '00:55.27', '26/03/2023', 50),
(1183, 68, 4, 3, 1183, 2023, '00:55.31', '27/11/2022', 51),
(1184, 57, 4, 11, 33, 2023, '00:55.73', '26/03/2023', 15),
(1185, 70, 4, 11, 2, 2023, '00:55.98', '04/02/2023', 16),
(1186, 36, 4, 3, 33, 2023, '00:56.02', '26/03/2023', 52),
(1187, 1, 4, 10, 279, 2023, '01:02.59', '20/11/2022', 12),
(1188, 27, 4, 31, 279, 2023, '01:03.43', '20/11/2022', 6),
(1189, 71, 4, 2, 33, 2023, '01:06.02', '26/03/2023', 38),
(1190, 2, 4, 6, 33, 2023, '01:06.45', '26/03/2023', 17),
(1191, 72, 4, 2, 33, 2023, '01:11.55', '26/03/2023', 49),
(1192, 77, 4, 1, 12, 2023, '01:15.03', '22/01/2023', 24),
(1193, 58, 4, 6, 22, 2023, '01:17.84', '08/01/2023', 50),
(1194, 28, 4, 31, 12, 2023, '01:32.96', '22/01/2023', 11),
(1195, 59, 4, 13, 33, 2023, '00:40.48', '26/03/2023', 11),
(1196, 74, 4, 13, 1157, 2023, '00:48.49', '11/03/2023', 32),
(1197, 73, 4, 13, 12, 2023, '00:49.76', '22/01/2023', 37),
(1198, 60, 4, 15, 2, 2023, '00:49.90', '04/02/2023', 17),
(1199, 14, 4, 15, 33, 2023, '00:55.55', '26/03/2023', 28),
(1200, 62, 4, 15, 33, 2023, '00:59.99', '26/03/2023', 34),
(1201, 75, 4, 13, 33, 2023, '01:01.77', '26/03/2023', 61),
(1202, 15, 4, 16, 12, 2023, '01:02.79', '22/01/2023', 15),
(1203, 41, 4, 18, 12, 2023, '01:05.31', '22/01/2023', 30),
(1204, 63, 4, 21, 33, 2023, '01:08.98', '26/03/2023', 11),
(1205, 78, 4, 18, 12, 2023, '01:11.02', '22/01/2023', 36),
(1206, 32, 4, 18, 2, 2023, '01:11.86', '04/02/2023', 37),
(1207, 21, 4, 22, 33, 2023, '01:34.29', '26/03/2023', 24),
(1208, 24, 5, 11, 261, 2023, '01:47.91', '19/05/2023', 6),
(1209, 57, 5, 11, 33, 2023, '02:01.64', '26/03/2023', 15),
(1210, 36, 5, 3, 1033, 2023, '02:13.88', '08/04/2023', 53),
(1211, 1, 5, 10, 33, 2023, '02:17.20', '26/03/2023', 11),
(1212, 37, 5, 3, 12, 2023, '02:22.19', '22/01/2023', 58),
(1213, 2, 5, 6, 2, 2023, '02:24.97', '04/02/2023', 19),
(1214, 71, 5, 2, 33, 2023, '02:27.89', '26/03/2023', 31),
(1215, 27, 5, 31, 12, 2023, '02:35.92', '22/01/2023', 6),
(1216, 28, 5, 31, 12, 2023, '03:18.77', '22/01/2023', 9),
(1217, 74, 5, 13, 1157, 2023, '01:39.41', '11/03/2023', 15),
(1218, 14, 5, 15, 33, 2023, '02:13.89', '26/03/2023', 21),
(1219, 60, 5, 15, 2, 2023, '02:14.14', '04/02/2023', 22),
(1220, 75, 5, 13, 12, 2023, '02:18.21', '22/01/2023', 46),
(1221, 41, 5, 18, 12, 2023, '02:25.38', '22/01/2023', 22),
(1222, 32, 5, 18, 2, 2023, '02:33.95', '04/02/2023', 26),
(1223, 24, 6, 11, 1033, 2023, '04:05.28', '08/04/2023', 7),
(1224, 57, 6, 11, 1157, 2023, '04:20.18', '11/03/2023', 13),
(1225, 36, 6, 3, 1033, 2023, '04:35.53', '08/04/2023', 39),
(1226, 1, 6, 10, 1165, 2023, '04:44.87', '07/05/2023', 8),
(1227, 37, 6, 3, 12, 2023, '04:54.52', '22/01/2023', 46),
(1228, 2, 6, 6, 2, 2023, '05:07.76', '04/02/2023', 21),
(1229, 27, 6, 31, 12, 2023, '05:19.30', '22/01/2023', 4),
(1230, 71, 6, 2, 2, 2023, '05:34.38', '04/02/2023', 32),
(1231, 28, 6, 31, 12, 2023, '06:54.35', '22/01/2023', 7),
(1232, 74, 6, 13, 261, 2023, '03:33.34', '19/05/2023', 9),
(1233, 60, 6, 15, 12, 2023, '04:50.29', '22/01/2023', 22),
(1234, 32, 6, 18, 1165, 2023, '05:19.05', '07/05/2023', 17),
(1235, 57, 7, 11, 1157, 2023, '09:00.97', '11/03/2023', 7),
(1236, 36, 7, 3, 1033, 2023, '09:04.60', '08/04/2023', 20),
(1237, 1, 7, 10, 1165, 2023, '09:31.76', '07/05/2023', 6),
(1238, 2, 7, 6, 2, 2023, '10:27.35', '04/02/2023', 16),
(1239, 71, 7, 2, 2, 2023, '12:17.53', '04/02/2023', 21),
(1240, 28, 7, 31, 12, 2023, '14:05.87', '22/01/2023', 4),
(1241, 74, 7, 13, 261, 2023, '07:34.90', '19/05/2023', 6),
(1242, 32, 7, 18, 1165, 2023, '10:49.58', '07/05/2023', 11),
(1243, 1, 8, 10, 12, 2023, '18:57.98', '22/01/2023', 4),
(1244, 74, 8, 13, 261, 2023, '14:30.40', '19/05/2023', 2),
(1245, 32, 8, 18, 12, 2023, '22:32.83', '22/01/2023', 2),
(1246, 24, 9, 11, 1033, 2023, '00:19.65', '08/04/2023', 6),
(1247, 69, 9, 3, 1033, 2023, '00:20.43', '08/04/2023', 30),
(1248, 68, 9, 3, 1157, 2023, '00:20.95', '11/03/2023', 35),
(1249, 27, 9, 31, 12, 2023, '00:27.36', '22/01/2023', 3),
(1250, 59, 9, 13, 33, 2023, '00:18.17', '26/03/2023', 25),
(1251, 14, 9, 15, 1157, 2023, '00:21.72', '11/03/2023', 21),
(1252, 70, 10, 11, 1033, 2023, '00:51.73', '08/04/2023', 8),
(1253, 57, 10, 11, 12, 2023, '01:07.99', '22/01/2023', 15),
(1254, 2, 10, 6, 279, 2023, '01:12.23', '20/11/2022', 28),
(1255, 74, 10, 13, 279, 2023, '00:50.79', '20/11/2022', 17),
(1256, 70, 13, 11, 1033, 2023, '04:18.54', '08/04/2023', 4),
(1257, 57, 13, 11, 12, 2023, '05:14.06', '22/01/2023', 6),
(1258, 36, 14, 3, 261, 2023, '00:23.72', '19/05/2023', 10),
(1259, 68, 14, 3, 1259, 2023, '00:24.39', '18/02/2023', 17),
(1260, 37, 14, 3, 261, 2023, '00:25.02', '19/05/2023', 23),
(1261, 79, 14, 3, 12, 2023, '00:26.72', '22/01/2023', 44),
(1262, 24, 14, 11, 33, 2023, '00:26.90', '26/03/2023', 7),
(1263, 69, 14, 3, 12, 2023, '00:26.93', '22/01/2023', 46),
(1264, 1, 14, 10, 33, 2023, '00:27.41', '26/03/2023', 3),
(1265, 57, 14, 11, 33, 2023, '00:27.87', '26/03/2023', 16),
(1266, 66, 14, 11, 279, 2023, '00:29.05', '20/11/2022', 25),
(1267, 2, 14, 6, 1165, 2023, '00:29.08', '07/05/2023', 11),
(1268, 70, 14, 11, 279, 2023, '00:29.61', '20/11/2022', 29),
(1269, 72, 14, 2, 33, 2023, '00:29.91', '26/03/2023', 28),
(1270, 80, 14, 3, 279, 2023, '00:30.16', '20/11/2022', 68),
(1271, 71, 14, 2, 33, 2023, '00:30.66', '26/03/2023', 30),
(1272, 27, 14, 31, 279, 2023, '00:30.73', '20/11/2022', 5),
(1273, 81, 14, 2, 279, 2023, '00:32.58', '20/11/2022', 42),
(1274, 34, 14, 1, 279, 2023, '00:32.66', '20/11/2022', 13),
(1275, 43, 14, 2, 279, 2023, '00:32.74', '20/11/2022', 45),
(1276, 58, 14, 6, 33, 2023, '00:33.32', '26/03/2023', 49),
(1277, 28, 14, 31, 12, 2023, '00:40.94', '22/01/2023', 18),
(1278, 59, 14, 13, 33, 2023, '00:21.33', '26/03/2023', 16),
(1279, 73, 14, 13, 12, 2023, '00:23.12', '22/01/2023', 38),
(1280, 60, 14, 15, 22, 2023, '00:23.24', '08/01/2023', 13),
(1281, 14, 14, 15, 33, 2023, '00:24.64', '26/03/2023', 23),
(1282, 76, 14, 13, 279, 2023, '00:24.84', '20/11/2022', 58),
(1283, 62, 14, 15, 33, 2023, '00:26.32', '26/03/2023', 36),
(1284, 75, 14, 13, 12, 2023, '00:26.90', '22/01/2023', 68),
(1285, 15, 14, 16, 12, 2023, '00:28.10', '22/01/2023', 19),
(1286, 82, 14, 18, 12, 2023, '00:28.51', '22/01/2023', 32),
(1287, 78, 14, 18, 12, 2023, '00:29.45', '22/01/2023', 37),
(1288, 32, 14, 18, 33, 2023, '00:29.88', '26/03/2023', 44),
(1289, 63, 14, 21, 33, 2023, '00:31.27', '26/03/2023', 19),
(1290, 21, 14, 22, 33, 2023, '00:42.41', '26/03/2023', 35),
(1291, 59, 15, 13, 261, 2023, '00:48.30', '19/05/2023', 23),
(1292, 60, 15, 15, 261, 2023, '00:51.55', '19/05/2023', 12),
(1293, 73, 15, 13, 279, 2023, '00:53.60', '20/11/2022', 47),
(1294, 14, 15, 15, 2, 2023, '00:55.39', '04/02/2023', 25),
(1295, 76, 15, 13, 12, 2023, '00:58.11', '22/01/2023', 64),
(1296, 75, 15, 13, 22, 2023, '01:00.39', '08/01/2023', 68),
(1297, 82, 15, 18, 12, 2023, '01:04.40', '22/01/2023', 32),
(1298, 62, 15, 15, 22, 2023, '01:04.67', '08/01/2023', 42),
(1299, 15, 15, 16, 279, 2023, '01:07.46', '20/11/2022', 24),
(1300, 32, 15, 18, 2, 2023, '01:08.34', '04/02/2023', 43),
(1301, 63, 15, 21, 22, 2023, '01:11.32', '08/01/2023', 11),
(1302, 68, 16, 3, 1259, 2023, '01:53.79', '18/02/2023', 8),
(1303, 36, 16, 3, 261, 2023, '01:56.50', '19/05/2023', 14),
(1304, 37, 16, 3, 1157, 2023, '02:06.00', '11/03/2023', 32),
(1305, 1, 16, 10, 1165, 2023, '02:09.16', '07/05/2023', 3),
(1306, 79, 16, 3, 12, 2023, '02:12.82', '22/01/2023', 40),
(1307, 66, 16, 11, 2, 2023, '02:22.27', '04/02/2023', 15),
(1308, 69, 16, 3, 1033, 2023, '02:23.73', '08/04/2023', 52),
(1309, 57, 16, 11, 33, 2023, '02:24.68', '26/03/2023', 17),
(1310, 2, 16, 6, 33, 2023, '02:25.95', '26/03/2023', 5),
(1311, 27, 16, 31, 1165, 2023, '02:26.39', '07/05/2023', 4),
(1312, 72, 16, 2, 2, 2023, '02:26.88', '04/02/2023', 17),
(1313, 71, 16, 2, 2, 2023, '02:37.42', '04/02/2023', 30),
(1314, 58, 16, 6, 33, 2023, '03:07.49', '26/03/2023', 36),
(1315, 59, 16, 13, 2, 2023, '01:43.64', '04/02/2023', 8),
(1316, 60, 16, 15, 1033, 2023, '01:56.93', '08/04/2023', 14),
(1317, 76, 16, 13, 12, 2023, '02:05.58', '22/01/2023', 39),
(1318, 14, 16, 15, 2, 2023, '02:12.91', '04/02/2023', 25),
(1319, 82, 16, 18, 12, 2023, '02:23.52', '22/01/2023', 26),
(1320, 62, 16, 15, 2, 2023, '02:23.67', '04/02/2023', 31),
(1321, 32, 16, 18, 2, 2023, '02:24.15', '04/02/2023', 27),
(1322, 15, 16, 16, 2, 2023, '02:39.41', '04/02/2023', 24),
(1323, 68, 17, 3, 1259, 2023, '04:02.41', '18/02/2023', 5),
(1324, 36, 17, 3, 261, 2023, '04:11.99', '19/05/2023', 11),
(1325, 37, 17, 3, 1157, 2023, '04:33.38', '11/03/2023', 20),
(1326, 1, 17, 10, 33, 2023, '04:38.37', '26/03/2023', 3),
(1327, 69, 17, 3, 1033, 2023, '04:53.88', '08/04/2023', 33),
(1328, 57, 17, 11, 33, 2023, '05:00.55', '26/03/2023', 6),
(1329, 2, 17, 6, 33, 2023, '05:07.79', '26/03/2023', 2),
(1330, 27, 17, 31, 1165, 2023, '05:11.83', '07/05/2023', 4),
(1331, 58, 17, 6, 33, 2023, '06:25.81', '26/03/2023', 20),
(1332, 59, 17, 13, 1033, 2023, '03:55.75', '08/04/2023', 12),
(1333, 60, 17, 15, 261, 2023, '04:11.19', '19/05/2023', 9),
(1334, 14, 17, 15, 33, 2023, '04:56.02', '26/03/2023', 22),
(1335, 62, 17, 15, 33, 2023, '05:05.33', '26/03/2023', 24),
(1336, 32, 17, 18, 33, 2023, '05:07.89', '26/03/2023', 18),
(1337, 83, 1, 3, 1337, 2022, '00:22.67', '05/03/2022', 33),
(1338, 69, 1, 11, 1338, 2022, '00:23.49', '02/04/2022', 18),
(1339, 24, 1, 11, 2, 2022, '00:24.80', '05/02/2022', 21),
(1340, 36, 1, 11, 2, 2022, '00:24.98', '05/02/2022', 23),
(1341, 70, 1, 11, 2, 2022, '00:25.01', '05/02/2022', 24),
(1342, 57, 1, 2, 2, 2022, '00:25.84', '05/02/2022', 12),
(1343, 1, 1, 10, 1337, 2022, '00:27.09', '05/03/2022', 6),
(1344, 71, 1, 6, 2, 2022, '00:29.22', '05/02/2022', 16),
(1345, 66, 1, 2, 2, 2022, '00:29.32', '05/02/2022', 34),
(1346, 79, 1, 11, 33, 2022, '00:29.74', '14/11/2021', 43),
(1347, 2, 1, 6, 33, 2022, '00:31.54', '14/11/2021', 33),
(1349, 84, 1, 13, 1337, 2022, '00:20.27', '05/03/2022', 29),
(1350, 73, 1, 13, 1337, 2022, '00:23.48', '05/03/2022', 45),
(1351, 50, 1, 13, 11, 2022, '00:24.64', '27/03/2022', 47),
(1352, 85, 1, 16, 2, 2022, '00:26.17', '05/02/2022', 16),
(1353, 60, 1, 15, 1337, 2022, '00:26.60', '05/03/2022', 28),
(1354, 15, 1, 21, 2, 2022, '00:32.62', '05/02/2022', 22),
(1355, 24, 4, 11, 1033, 2022, '00:47.99', '20/05/2022', 9),
(1356, 36, 4, 11, 11, 2022, '00:54.47', '27/03/2022', 19),
(1357, 70, 4, 11, 12, 2022, '00:54.90', '16/01/2022', 20),
(1358, 83, 4, 3, 11, 2022, '00:56.30', '27/03/2022', 55),
(1359, 69, 4, 11, 11, 2022, '00:56.43', '28/11/2021', 26),
(1360, 79, 4, 11, 11, 2022, '00:59.96', '27/03/2022', 32),
(1361, 57, 4, 2, 1033, 2022, '01:00.41', '20/05/2022', 16),
(1362, 68, 4, 11, 12, 2022, '01:00.91', '16/01/2022', 33),
(1363, 66, 4, 2, 11, 2022, '01:04.44', '27/03/2022', 24),
(1364, 71, 4, 6, 11, 2022, '01:10.34', '27/03/2022', 21),
(1365, 1, 4, 10, 12, 2022, '01:11.09', '16/01/2022', 16),
(1366, 2, 4, 6, 33, 2022, '01:14.76', '14/11/2021', 31),
(1367, 59, 4, 15, 12, 2022, '00:41.96', '16/01/2022', 4),
(1368, 84, 4, 13, 1337, 2022, '00:44.63', '05/03/2022', 28),
(1369, 73, 4, 13, 12, 2022, '00:46.35', '16/01/2022', 33),
(1370, 60, 4, 15, 11, 2022, '00:54.54', '27/03/2022', 24),
(1371, 76, 4, 13, 11, 2022, '00:58.73', '27/03/2022', 49),
(1372, 14, 4, 15, 11, 2022, '01:01.66', '27/03/2022', 28),
(1373, 78, 4, 18, 12, 2022, '01:10.32', '16/01/2022', 36);
INSERT INTO `performances` (`id`, `nageur_id`, `epreuve_id`, `categorie_id`, `lieu_id`, `saison`, `temps`, `date_perf`, `classement`) VALUES
(1374, 32, 4, 18, 1337, 2022, '01:11.24', '05/03/2022', 37),
(1375, 15, 4, 21, 1337, 2022, '01:13.76', '05/03/2022', 20),
(1376, 24, 5, 11, 1338, 2022, '01:52.26', '02/04/2022', 12),
(1377, 70, 5, 11, 1337, 2022, '02:03.16', '05/03/2022', 20),
(1378, 57, 5, 2, 1033, 2022, '02:06.98', '20/05/2022', 9),
(1379, 36, 5, 11, 2, 2022, '02:07.81', '05/02/2022', 22),
(1380, 68, 5, 11, 12, 2022, '02:10.76', '16/01/2022', 23),
(1381, 79, 5, 11, 11, 2022, '02:13.97', '27/03/2022', 24),
(1382, 1, 5, 10, 12, 2022, '02:28.91', '16/01/2022', 12),
(1383, 66, 5, 2, 2, 2022, '02:29.36', '05/02/2022', 23),
(1384, 2, 5, 6, 11, 2022, '02:45.89', '28/11/2021', 26),
(1385, 24, 6, 11, 1337, 2022, '04:18.23', '05/03/2022', 13),
(1386, 57, 6, 2, 1033, 2022, '04:25.63', '20/05/2022', 10),
(1387, 68, 6, 11, 12, 2022, '04:32.47', '16/01/2022', 19),
(1388, 1, 6, 10, 12, 2022, '04:54.77', '16/01/2022', 8),
(1389, 66, 6, 2, 2, 2022, '05:03.65', '05/02/2022', 19),
(1390, 2, 6, 6, 11, 2022, '05:42.09', '27/03/2022', 22),
(1391, 32, 6, 18, 11, 2022, '05:06.75', '27/03/2022', 16),
(1392, 57, 7, 2, 1033, 2022, '09:04.65', '20/05/2022', 6),
(1393, 1, 7, 10, 1337, 2022, '10:27.27', '05/03/2022', 8),
(1394, 2, 7, 6, 11, 2022, '11:31.45', '27/03/2022', 17),
(1395, 32, 7, 18, 11, 2022, '10:27.70', '27/03/2022', 14),
(1396, 83, 9, 3, 1337, 2022, '00:21.44', '05/03/2022', 29),
(1397, 69, 9, 11, 1338, 2022, '00:21.77', '02/04/2022', 16),
(1398, 70, 10, 11, 1337, 2022, '00:55.74', '05/03/2022', 7),
(1399, 2, 10, 6, 11, 2022, '01:30.81', '28/11/2021', 30),
(1400, 70, 13, 11, 12, 2022, '05:04.05', '16/01/2022', 6),
(1401, 36, 14, 11, 1033, 2022, '00:23.81', '20/05/2022', 2),
(1402, 68, 14, 11, 1033, 2022, '00:24.25', '20/05/2022', 4),
(1403, 37, 14, 3, 1338, 2022, '00:24.98', '02/04/2022', 16),
(1404, 83, 14, 3, 12, 2022, '00:25.40', '16/01/2022', 23),
(1405, 79, 14, 11, 1033, 2022, '00:25.87', '20/05/2022', 10),
(1406, 24, 14, 11, 11, 2022, '00:26.96', '27/03/2022', 17),
(1407, 69, 14, 11, 1338, 2022, '00:27.59', '02/04/2022', 24),
(1408, 66, 14, 2, 11, 2022, '00:29.05', '27/03/2022', 18),
(1409, 57, 14, 2, 11, 2022, '00:29.09', '27/03/2022', 19),
(1410, 70, 14, 11, 1337, 2022, '00:29.70', '05/03/2022', 36),
(1411, 2, 14, 6, 11, 2022, '00:29.93', '27/03/2022', 17),
(1412, 86, 14, 2, 33, 2022, '00:31.83', '14/11/2021', 42),
(1413, 71, 14, 6, 11, 2022, '00:32.15', '27/03/2022', 29),
(1414, 76, 14, 13, 1414, 2022, '00:21.96', '16/04/2022', 28),
(1415, 59, 14, 15, 11, 2022, '00:22.32', '27/03/2022', 3),
(1416, 73, 14, 13, 1338, 2022, '00:22.74', '02/04/2022', 35),
(1417, 50, 14, 13, 11, 2022, '00:22.84', '27/03/2022', 36),
(1418, 84, 14, 13, 11, 2022, '00:23.04', '28/11/2021', 39),
(1419, 60, 14, 15, 11, 2022, '00:24.80', '27/03/2022', 21),
(1420, 85, 14, 16, 1337, 2022, '00:27.14', '05/03/2022', 18),
(1421, 14, 14, 15, 11, 2022, '00:27.84', '27/03/2022', 33),
(1422, 78, 14, 18, 12, 2022, '00:29.59', '16/01/2022', 33),
(1423, 15, 14, 21, 11, 2022, '00:31.84', '27/03/2022', 22),
(1424, 36, 15, 11, 1033, 2022, '00:52.10', '20/05/2022', 3),
(1425, 68, 15, 11, 1033, 2022, '00:52.28', '20/05/2022', 4),
(1426, 37, 15, 3, 1337, 2022, '00:55.45', '05/03/2022', 18),
(1427, 83, 15, 3, 1337, 2022, '00:56.69', '05/03/2022', 23),
(1428, 79, 15, 11, 1414, 2022, '00:57.05', '16/04/2022', 10),
(1429, 24, 15, 11, 2, 2022, '00:59.73', '05/02/2022', 19),
(1430, 69, 15, 11, 1338, 2022, '01:00.34', '02/04/2022', 21),
(1431, 1, 15, 10, 1337, 2022, '01:00.52', '05/03/2022', 4),
(1432, 70, 15, 11, 1337, 2022, '01:03.50', '05/03/2022', 29),
(1433, 66, 15, 2, 1414, 2022, '01:03.92', '16/04/2022', 15),
(1434, 57, 15, 2, 1337, 2022, '01:04.89', '05/03/2022', 18),
(1435, 2, 15, 6, 1337, 2022, '01:09.34', '05/03/2022', 11),
(1436, 71, 15, 6, 2, 2022, '01:17.73', '05/02/2022', 35),
(1437, 76, 15, 13, 1414, 2022, '00:47.91', '16/04/2022', 18),
(1438, 59, 15, 15, 1033, 2022, '00:48.35', '20/05/2022', 3),
(1439, 73, 15, 13, 1337, 2022, '00:50.20', '05/03/2022', 27),
(1440, 50, 15, 13, 11, 2022, '00:52.02', '28/11/2021', 36),
(1441, 60, 15, 15, 1337, 2022, '00:57.82', '05/03/2022', 21),
(1442, 85, 15, 16, 2, 2022, '00:58.79', '05/02/2022', 11),
(1443, 30, 15, 47, 1337, 2022, '01:00.87', '05/03/2022', 6),
(1444, 32, 15, 18, 1337, 2022, '01:02.33', '05/03/2022', 18),
(1445, 14, 15, 15, 11, 2022, '01:10.82', '27/03/2022', 39),
(1446, 78, 15, 18, 11, 2022, '01:12.95', '28/11/2021', 39),
(1447, 15, 15, 21, 1337, 2022, '01:13.95', '05/03/2022', 22),
(1448, 68, 16, 11, 1033, 2022, '01:53.65', '20/05/2022', 4),
(1449, 36, 16, 11, 1033, 2022, '01:55.02', '20/05/2022', 5),
(1450, 37, 16, 3, 12, 2022, '02:03.44', '16/01/2022', 20),
(1451, 79, 16, 11, 1414, 2022, '02:08.26', '16/04/2022', 11),
(1452, 69, 16, 11, 12, 2022, '02:12.01', '16/01/2022', 15),
(1453, 66, 16, 2, 1414, 2022, '02:17.94', '16/04/2022', 7),
(1454, 1, 16, 10, 12, 2022, '02:18.35', '16/01/2022', 7),
(1455, 70, 16, 11, 2, 2022, '02:21.55', '05/02/2022', 20),
(1456, 57, 16, 2, 1337, 2022, '02:30.52', '05/03/2022', 15),
(1457, 2, 16, 6, 1337, 2022, '02:42.33', '05/03/2022', 7),
(1458, 71, 16, 6, 2, 2022, '02:43.46', '05/02/2022', 9),
(1459, 59, 16, 15, 1338, 2022, '01:47.08', '02/04/2022', 2),
(1460, 76, 16, 13, 1414, 2022, '01:50.38', '16/04/2022', 15),
(1461, 73, 16, 13, 1337, 2022, '01:55.96', '05/03/2022', 21),
(1462, 50, 16, 13, 11, 2022, '02:04.13', '28/11/2021', 30),
(1463, 85, 16, 16, 2, 2022, '02:09.03', '05/02/2022', 9),
(1464, 60, 16, 15, 1337, 2022, '02:09.56', '05/03/2022', 18),
(1465, 30, 16, 47, 1337, 2022, '02:09.65', '05/03/2022', 1),
(1466, 32, 16, 18, 1337, 2022, '02:21.98', '05/03/2022', 15),
(1467, 14, 16, 15, 11, 2022, '02:36.09', '27/03/2022', 26),
(1468, 15, 16, 21, 1337, 2022, '02:46.61', '05/03/2022', 9),
(1469, 68, 17, 11, 1033, 2022, '04:04.88', '20/05/2022', 2),
(1470, 36, 17, 11, 1033, 2022, '04:15.26', '20/05/2022', 4),
(1471, 37, 17, 3, 1033, 2022, '04:27.52', '20/05/2022', 16),
(1472, 69, 17, 11, 11, 2022, '04:53.64', '27/03/2022', 10),
(1473, 1, 17, 10, 1337, 2022, '04:58.00', '05/03/2022', 5),
(1474, 66, 17, 2, 11, 2022, '05:03.02', '27/03/2022', 3),
(1475, 57, 17, 2, 11, 2022, '05:07.72', '27/03/2022', 4),
(1476, 2, 17, 6, 1337, 2022, '05:25.50', '05/03/2022', 4),
(1477, 71, 17, 6, 11, 2022, '05:52.63', '27/03/2022', 11),
(1478, 59, 17, 15, 1338, 2022, '03:51.86', '02/04/2022', 2),
(1479, 30, 17, 47, 1337, 2022, '04:33.20', '05/03/2022', 1),
(1480, 60, 17, 15, 11, 2022, '04:39.24', '27/03/2022', 13),
(1481, 50, 17, 13, 11, 2022, '04:40.64', '27/03/2022', 21),
(1482, 32, 17, 18, 11, 2022, '04:59.18', '27/03/2022', 10),
(1483, 14, 17, 15, 11, 2022, '05:25.37', '27/03/2022', 19),
(1484, 15, 17, 21, 11, 2022, '06:19.21', '27/03/2022', 9),
(1485, 83, 1, 11, 1485, 2021, '00:22.96', '06/03/2021', 18),
(1486, 87, 1, 13, 1486, 2021, '00:18.24', '05/12/2020', 9),
(1487, 59, 1, 15, 1487, 2021, '00:19.04', '14/05/2021', 4),
(1488, 83, 4, 11, 1485, 2021, '00:53.07', '06/03/2021', 18),
(1489, 59, 4, 15, 1487, 2021, '00:42.29', '14/05/2021', 4),
(1490, 85, 4, 16, 1485, 2021, '00:59.06', '06/03/2021', 10),
(1491, 59, 5, 15, 1487, 2021, '01:35.54', '14/05/2021', 4),
(1492, 85, 5, 16, 1485, 2021, '02:05.15', '06/03/2021', 10),
(1493, 59, 6, 15, 1485, 2021, '03:40.81', '06/03/2021', 3),
(1494, 85, 6, 16, 1485, 2021, '04:29.17', '06/03/2021', 9),
(1495, 85, 7, 16, 1485, 2021, '10:34.76', '06/03/2021', 8),
(1496, 83, 9, 11, 1485, 2021, '00:21.10', '06/03/2021', 21),
(1497, 87, 9, 13, 1487, 2021, '00:16.66', '14/05/2021', 14),
(1498, 36, 14, 11, 1485, 2021, '00:24.84', '06/03/2021', 5),
(1499, 83, 14, 11, 1487, 2021, '00:25.06', '14/05/2021', 6),
(1500, 68, 14, 11, 1485, 2021, '00:25.25', '06/03/2021', 9),
(1501, 37, 14, 11, 1487, 2021, '00:25.48', '14/05/2021', 13),
(1502, 87, 14, 13, 1486, 2021, '00:20.93', '05/12/2020', 6),
(1503, 50, 14, 13, 1487, 2021, '00:22.65', '14/05/2021', 15),
(1504, 85, 14, 16, 1485, 2021, '00:27.02', '06/03/2021', 3),
(1505, 68, 15, 11, 1487, 2021, '00:54.05', '14/05/2021', 7),
(1506, 37, 15, 11, 1487, 2021, '00:55.73', '14/05/2021', 12),
(1507, 36, 15, 11, 1485, 2021, '00:57.65', '06/03/2021', 15),
(1508, 83, 15, 11, 1487, 2021, '00:57.76', '14/05/2021', 16),
(1509, 87, 15, 13, 1487, 2021, '00:45.94', '14/05/2021', 10),
(1510, 50, 15, 13, 1487, 2021, '00:50.37', '14/05/2021', 21),
(1511, 59, 15, 15, 1486, 2021, '00:54.03', '05/12/2020', 4),
(1512, 68, 16, 11, 1487, 2021, '01:58.45', '14/05/2021', 7),
(1513, 36, 16, 11, 1485, 2021, '02:02.39', '06/03/2021', 10),
(1514, 37, 16, 11, 1487, 2021, '02:06.42', '14/05/2021', 14),
(1515, 59, 16, 15, 1486, 2021, '01:54.54', '05/12/2020', 2),
(1516, 50, 16, 13, 1487, 2021, '01:56.88', '14/05/2021', 20),
(1517, 68, 17, 11, 1487, 2021, '04:12.12', '14/05/2021', 4),
(1518, 37, 17, 11, 1487, 2021, '04:30.61', '14/05/2021', 13),
(1519, 59, 17, 15, 1487, 2021, '03:54.86', '14/05/2021', 1),
(1520, 50, 17, 13, 1487, 2021, '04:26.09', '14/05/2021', 12),
(1521, 88, 1, 3, 264, 2020, '00:23.46', '24/11/2019', 25),
(1522, 89, 1, 3, 279, 2020, '00:23.84', '26/01/2020', 27),
(1523, 24, 1, 2, 279, 2020, '00:24.10', '15/12/2019', 16),
(1524, 90, 1, 3, 264, 2020, '00:24.27', '24/11/2019', 29),
(1525, 69, 1, 2, 264, 2020, '00:25.29', '24/11/2019', 26),
(1526, 91, 1, 3, 279, 2020, '00:25.81', '26/01/2020', 45),
(1527, 83, 1, 11, 279, 2020, '00:26.26', '15/12/2019', 42),
(1528, 92, 1, 3, 279, 2020, '00:27.22', '26/01/2020', 57),
(1529, 68, 1, 2, 279, 2020, '00:27.59', '15/12/2019', 40),
(1530, 27, 1, 1, 279, 2020, '00:27.64', '26/01/2020', 5),
(1531, 4, 1, 3, 264, 2020, '00:27.90', '24/11/2019', 61),
(1532, 37, 1, 11, 279, 2020, '00:28.28', '15/12/2019', 50),
(1533, 79, 1, 2, 264, 2020, '00:28.48', '24/11/2019', 46),
(1534, 57, 1, 6, 279, 2020, '00:28.92', '26/01/2020', 15),
(1535, 70, 1, 2, 264, 2020, '00:29.55', '24/11/2019', 52),
(1536, 93, 1, 2, 279, 2020, '00:30.05', '15/12/2019', 57),
(1537, 94, 1, 11, 279, 2020, '00:30.32', '15/12/2019', 53),
(1538, 95, 1, 11, 279, 2020, '00:30.48', '15/12/2019', 54),
(1539, 66, 1, 6, 279, 2020, '00:31.34', '15/12/2019', 29),
(1540, 96, 1, 11, 11, 2020, '00:32.09', '10/11/2019', 59),
(1541, 97, 1, 11, 279, 2020, '00:33.52', '15/12/2019', 62),
(1542, 10, 1, 10, 264, 2020, '00:33.63', '24/11/2019', 24),
(1543, 2, 1, 290, 279, 2020, '00:34.54', '26/01/2020', 21),
(1544, 71, 1, 290, 279, 2020, '00:36.22', '26/01/2020', 27),
(1545, 98, 1, 2, 279, 2020, '00:37.28', '26/01/2020', 75),
(1546, 87, 1, 15, 2, 2020, '00:17.75', '08/02/2020', 2),
(1547, 84, 1, 15, 279, 2020, '00:19.69', '26/01/2020', 8),
(1548, 99, 1, 15, 279, 2020, '00:19.96', '26/01/2020', 10),
(1549, 59, 1, 16, 2, 2020, '00:20.32', '08/02/2020', 5),
(1550, 100, 1, 13, 264, 2020, '00:21.33', '24/11/2019', 52),
(1551, 50, 1, 15, 279, 2020, '00:22.65', '26/01/2020', 32),
(1552, 61, 1, 15, 279, 2020, '00:23.01', '15/12/2019', 34),
(1553, 85, 1, 21, 264, 2020, '00:28.63', '24/11/2019', 10),
(1554, 88, 4, 3, 1554, 2020, '00:47.63', '07/12/2019', 16),
(1555, 90, 4, 3, 264, 2020, '00:54.86', '24/11/2019', 44),
(1556, 24, 4, 2, 2, 2020, '00:56.16', '08/02/2020', 22),
(1557, 83, 4, 11, 12, 2020, '00:56.28', '12/01/2020', 35),
(1558, 69, 4, 2, 2, 2020, '00:56.91', '08/02/2020', 26),
(1559, 89, 4, 3, 12, 2020, '00:57.00', '12/01/2020', 52),
(1560, 37, 4, 11, 2, 2020, '01:01.97', '08/02/2020', 52),
(1561, 68, 4, 2, 279, 2020, '01:03.55', '26/01/2020', 40),
(1562, 91, 4, 3, 264, 2020, '01:03.71', '24/11/2019', 72),
(1563, 79, 4, 2, 12, 2020, '01:03.99', '12/01/2020', 44),
(1564, 70, 4, 2, 12, 2020, '01:04.75', '12/01/2020', 47),
(1565, 1, 4, 10, 279, 2020, '01:04.93', '26/01/2020', 12),
(1566, 27, 4, 1, 279, 2020, '01:05.53', '26/01/2020', 13),
(1567, 57, 4, 6, 11, 2020, '01:05.58', '10/11/2019', 12),
(1568, 92, 4, 3, 279, 2020, '01:11.25', '26/01/2020', 82),
(1569, 66, 4, 6, 264, 2020, '01:11.56', '24/11/2019', 24),
(1570, 93, 4, 2, 2, 2020, '01:11.66', '08/02/2020', 62),
(1571, 95, 4, 11, 2, 2020, '01:12.13', '08/02/2020', 58),
(1572, 2, 4, 290, 2, 2020, '01:12.55', '08/02/2020', 10),
(1573, 97, 4, 11, 279, 2020, '01:14.47', '26/01/2020', 60),
(1574, 10, 4, 10, 279, 2020, '01:17.06', '26/01/2020', 25),
(1575, 38, 4, 1, 279, 2020, '01:22.30', '26/01/2020', 33),
(1576, 71, 4, 290, 2, 2020, '01:24.30', '08/02/2020', 32),
(1577, 87, 4, 15, 2, 2020, '00:39.89', '08/02/2020', 2),
(1578, 73, 4, 13, 1554, 2020, '00:43.19', '07/12/2019', 28),
(1579, 59, 4, 16, 12, 2020, '00:46.11', '12/01/2020', 6),
(1580, 84, 4, 15, 264, 2020, '00:47.42', '24/11/2019', 15),
(1581, 99, 4, 15, 1581, 2020, '00:47.78', '07/03/2020', 17),
(1582, 74, 4, 13, 279, 2020, '00:49.52', '26/01/2020', 52),
(1583, 50, 4, 15, 264, 2020, '00:55.92', '24/11/2019', 33),
(1584, 85, 4, 21, 2, 2020, '01:00.55', '08/02/2020', 5),
(1585, 101, 4, 13, 264, 2020, '01:01.63', '24/11/2019', 78),
(1586, 30, 4, 47, 279, 2020, '01:04.43', '26/01/2020', 8),
(1587, 102, 4, 47, 279, 2020, '01:10.35', '26/01/2020', 16),
(1588, 32, 4, 18, 279, 2020, '01:12.16', '26/01/2020', 42),
(1589, 31, 4, 13, 279, 2020, '01:32.83', '26/01/2020', 89),
(1590, 88, 5, 3, 1554, 2020, '01:55.20', '07/12/2019', 27),
(1591, 89, 5, 3, 1554, 2020, '02:03.70', '07/12/2019', 40),
(1592, 24, 5, 2, 12, 2020, '02:06.23', '12/01/2020', 23),
(1593, 69, 5, 2, 2, 2020, '02:10.45', '08/02/2020', 25),
(1594, 68, 5, 2, 279, 2020, '02:12.16', '26/01/2020', 27),
(1595, 83, 5, 11, 279, 2020, '02:13.02', '15/12/2019', 35),
(1596, 91, 5, 3, 264, 2020, '02:13.24', '24/11/2019', 50),
(1597, 27, 5, 1, 279, 2020, '02:20.35', '26/01/2020', 7),
(1598, 1, 5, 10, 279, 2020, '02:21.22', '26/01/2020', 10),
(1599, 57, 5, 6, 2, 2020, '02:24.51', '08/02/2020', 12),
(1600, 92, 5, 3, 279, 2020, '02:28.02', '26/01/2020', 55),
(1601, 97, 5, 11, 279, 2020, '02:40.75', '26/01/2020', 45),
(1602, 66, 5, 6, 279, 2020, '02:41.14', '15/12/2019', 22),
(1603, 10, 5, 10, 264, 2020, '02:41.29', '24/11/2019', 15),
(1604, 93, 5, 2, 279, 2020, '02:55.00', '15/12/2019', 56),
(1605, 2, 5, 290, 12, 2020, '03:00.48', '12/01/2020', 21),
(1606, 38, 5, 1, 279, 2020, '03:00.60', '26/01/2020', 26),
(1607, 87, 5, 15, 1554, 2020, '01:34.52', '07/12/2019', 2),
(1608, 59, 5, 16, 1581, 2020, '01:43.43', '07/03/2020', 4),
(1609, 74, 5, 13, 279, 2020, '01:45.78', '26/01/2020', 38),
(1610, 84, 5, 15, 279, 2020, '01:47.55', '26/01/2020', 9),
(1611, 99, 5, 15, 1554, 2020, '01:51.30', '07/12/2019', 17),
(1612, 73, 5, 13, 264, 2020, '01:54.17', '24/11/2019', 50),
(1613, 30, 5, 47, 279, 2020, '02:14.22', '26/01/2020', 4),
(1614, 85, 5, 21, 2, 2020, '02:17.45', '08/02/2020', 6),
(1615, 102, 5, 47, 279, 2020, '02:27.29', '26/01/2020', 7),
(1616, 32, 5, 18, 279, 2020, '02:30.48', '26/01/2020', 26),
(1617, 31, 5, 13, 279, 2020, '02:56.55', '26/01/2020', 76),
(1618, 89, 6, 3, 1554, 2020, '04:21.11', '07/12/2019', 28),
(1619, 91, 6, 3, 264, 2020, '04:32.89', '24/11/2019', 34),
(1620, 24, 6, 2, 279, 2020, '04:35.24', '26/01/2020', 19),
(1621, 68, 6, 2, 279, 2020, '04:48.01', '15/12/2019', 23),
(1622, 27, 6, 1, 279, 2020, '04:52.77', '26/01/2020', 4),
(1623, 92, 6, 3, 279, 2020, '04:58.35', '26/01/2020', 42),
(1624, 57, 6, 6, 279, 2020, '05:29.17', '26/01/2020', 19),
(1625, 66, 6, 6, 279, 2020, '05:55.60', '15/12/2019', 24),
(1626, 10, 6, 10, 279, 2020, '05:58.44', '26/01/2020', 14),
(1627, 93, 6, 2, 279, 2020, '06:04.77', '15/12/2019', 51),
(1628, 38, 6, 1, 279, 2020, '06:17.36', '26/01/2020', 23),
(1629, 2, 6, 290, 279, 2020, '06:29.82', '15/12/2019', 20),
(1630, 74, 6, 13, 279, 2020, '03:41.81', '26/01/2020', 27),
(1631, 87, 6, 15, 264, 2020, '03:43.68', '24/11/2019', 7),
(1632, 84, 6, 15, 279, 2020, '03:46.75', '26/01/2020', 10),
(1633, 99, 6, 15, 1554, 2020, '03:52.47', '07/12/2019', 13),
(1634, 59, 6, 16, 1581, 2020, '03:53.75', '07/03/2020', 8),
(1635, 30, 6, 47, 279, 2020, '04:33.15', '26/01/2020', 1),
(1636, 85, 6, 21, 279, 2020, '04:50.96', '26/01/2020', 7),
(1637, 102, 6, 47, 279, 2020, '04:58.21', '26/01/2020', 3),
(1638, 32, 6, 18, 279, 2020, '05:06.06', '26/01/2020', 19),
(1639, 24, 7, 2, 12, 2020, '09:30.46', '12/01/2020', 12),
(1640, 57, 7, 6, 12, 2020, '11:28.75', '12/01/2020', 19),
(1641, 66, 7, 6, 279, 2020, '12:04.84', '15/12/2019', 25),
(1642, 10, 7, 10, 264, 2020, '12:31.39', '24/11/2019', 9),
(1643, 2, 7, 290, 279, 2020, '13:06.00', '15/12/2019', 10),
(1644, 74, 7, 13, 1554, 2020, '07:35.23', '07/12/2019', 15),
(1645, 30, 7, 47, 12, 2020, '09:47.68', '12/01/2020', 2),
(1646, 85, 7, 21, 279, 2020, '09:53.66', '15/12/2019', 6),
(1647, 102, 7, 47, 12, 2020, '10:35.77', '12/01/2020', 4),
(1648, 32, 7, 18, 12, 2020, '11:07.36', '12/01/2020', 18),
(1649, 74, 8, 13, 264, 2020, '15:50.82', '24/11/2019', 11),
(1650, 30, 8, 47, 12, 2020, '18:21.45', '12/01/2020', 1),
(1651, 102, 8, 47, 12, 2020, '19:58.87', '12/01/2020', 2),
(1652, 32, 8, 18, 12, 2020, '21:16.27', '12/01/2020', 4),
(1653, 88, 9, 3, 264, 2020, '00:20.41', '24/11/2019', 19),
(1654, 91, 9, 3, 12, 2020, '00:23.68', '12/01/2020', 32),
(1655, 83, 9, 11, 2, 2020, '00:23.75', '08/02/2020', 28),
(1656, 87, 9, 15, 1554, 2020, '00:16.62', '07/12/2019', 2),
(1657, 99, 9, 15, 12, 2020, '00:17.71', '12/01/2020', 8),
(1658, 100, 9, 13, 12, 2020, '00:19.62', '12/01/2020', 51),
(1659, 50, 9, 15, 12, 2020, '00:20.61', '12/01/2020', 25),
(1660, 102, 9, 47, 12, 2020, '00:28.92', '12/01/2020', 4),
(1661, 91, 10, 3, 1554, 2020, '00:57.90', '07/12/2019', 17),
(1662, 66, 10, 6, 279, 2020, '01:15.98', '15/12/2019', 15),
(1663, 57, 10, 6, 279, 2020, '01:16.22', '15/12/2019', 16),
(1664, 100, 10, 13, 264, 2020, '00:45.94', '24/11/2019', 20),
(1665, 99, 10, 15, 279, 2020, '00:49.54', '15/12/2019', 8),
(1666, 74, 10, 13, 279, 2020, '00:52.47', '26/01/2020', 28),
(1667, 85, 10, 21, 279, 2020, '01:08.90', '26/01/2020', 8),
(1668, 91, 13, 3, 1554, 2020, '04:24.57', '07/12/2019', 12),
(1669, 100, 13, 13, 1554, 2020, '04:03.20', '07/12/2019', 16),
(1670, 88, 14, 3, 279, 2020, '00:25.62', '26/01/2020', 18),
(1671, 89, 14, 3, 279, 2020, '00:25.78', '26/01/2020', 20),
(1672, 68, 14, 2, 1581, 2020, '00:25.94', '07/03/2020', 4),
(1673, 83, 14, 11, 12, 2020, '00:26.16', '12/01/2020', 18),
(1674, 4, 14, 3, 279, 2020, '00:26.55', '26/01/2020', 27),
(1675, 37, 14, 11, 12, 2020, '00:27.53', '12/01/2020', 33),
(1676, 24, 14, 2, 2, 2020, '00:27.76', '08/02/2020', 18),
(1677, 69, 14, 2, 2, 2020, '00:28.18', '08/02/2020', 28),
(1678, 79, 14, 2, 264, 2020, '00:28.52', '24/11/2019', 29),
(1679, 93, 14, 2, 2, 2020, '00:29.00', '08/02/2020', 33),
(1680, 1, 14, 10, 279, 2020, '00:29.73', '26/01/2020', 10),
(1681, 66, 14, 6, 264, 2020, '00:30.01', '24/11/2019', 14),
(1682, 94, 14, 11, 279, 2020, '00:30.18', '26/01/2020', 49),
(1683, 57, 14, 6, 2, 2020, '00:30.30', '08/02/2020', 15),
(1684, 103, 14, 3, 279, 2020, '00:30.32', '26/01/2020', 57),
(1685, 95, 14, 11, 2, 2020, '00:30.39', '08/02/2020', 50),
(1686, 70, 14, 2, 12, 2020, '00:30.61', '12/01/2020', 52),
(1687, 96, 14, 11, 264, 2020, '00:31.11', '24/11/2019', 54),
(1688, 2, 14, 290, 2, 2020, '00:31.80', '08/02/2020', 5),
(1689, 104, 14, 6, 279, 2020, '00:32.84', '26/01/2020', 38),
(1690, 98, 14, 2, 279, 2020, '00:33.16', '26/01/2020', 62),
(1691, 105, 14, 6, 279, 2020, '00:33.36', '26/01/2020', 43),
(1692, 71, 14, 290, 279, 2020, '00:37.20', '26/01/2020', 28),
(1693, 87, 14, 15, 1581, 2020, '00:20.91', '07/03/2020', 1),
(1694, 99, 14, 15, 2, 2020, '00:22.34', '08/02/2020', 9),
(1695, 73, 14, 13, 279, 2020, '00:23.06', '26/01/2020', 38),
(1696, 50, 14, 15, 2, 2020, '00:23.21', '08/02/2020', 12),
(1697, 59, 14, 16, 279, 2020, '00:23.73', '26/01/2020', 5),
(1698, 84, 14, 15, 279, 2020, '00:23.76', '26/01/2020', 18),
(1699, 76, 14, 13, 279, 2020, '00:23.89', '26/01/2020', 54),
(1700, 61, 14, 15, 279, 2020, '00:24.93', '26/01/2020', 26),
(1701, 101, 14, 13, 264, 2020, '00:25.36', '24/11/2019', 70),
(1702, 30, 14, 47, 279, 2020, '00:27.26', '26/01/2020', 6),
(1703, 32, 14, 18, 279, 2020, '00:27.53', '26/01/2020', 23),
(1704, 78, 14, 18, 279, 2020, '00:28.38', '26/01/2020', 29),
(1705, 102, 14, 47, 279, 2020, '00:28.85', '26/01/2020', 13),
(1706, 85, 14, 21, 11, 2020, '00:28.87', '10/11/2019', 9),
(1707, 31, 14, 13, 279, 2020, '00:29.53', '26/01/2020', 86),
(1708, 82, 14, 49, 279, 2020, '00:30.48', '26/01/2020', 28),
(1709, 68, 15, 2, 1581, 2020, '00:57.28', '07/03/2020', 5),
(1710, 89, 15, 3, 279, 2020, '00:59.53', '26/01/2020', 22),
(1711, 4, 15, 3, 1554, 2020, '01:00.22', '07/12/2019', 25),
(1712, 83, 15, 11, 279, 2020, '01:00.45', '15/12/2019', 27),
(1713, 90, 15, 3, 264, 2020, '01:01.06', '24/11/2019', 31),
(1714, 37, 15, 11, 279, 2020, '01:01.45', '26/01/2020', 30),
(1715, 69, 15, 2, 279, 2020, '01:01.48', '26/01/2020', 16),
(1716, 24, 15, 2, 279, 2020, '01:01.57', '26/01/2020', 17),
(1717, 1, 15, 10, 279, 2020, '01:02.59', '26/01/2020', 7),
(1718, 79, 15, 2, 279, 2020, '01:03.40', '26/01/2020', 26),
(1719, 94, 15, 11, 264, 2020, '01:07.13', '24/11/2019', 47),
(1720, 103, 15, 3, 279, 2020, '01:07.53', '26/01/2020', 48),
(1721, 93, 15, 2, 279, 2020, '01:09.71', '26/01/2020', 52),
(1722, 70, 15, 2, 264, 2020, '01:09.85', '24/11/2019', 53),
(1723, 95, 15, 11, 279, 2020, '01:11.04', '26/01/2020', 53),
(1724, 66, 15, 6, 279, 2020, '01:11.26', '15/12/2019', 17),
(1725, 96, 15, 11, 264, 2020, '01:11.54', '24/11/2019', 54),
(1726, 97, 15, 11, 279, 2020, '01:12.77', '26/01/2020', 58),
(1727, 57, 15, 6, 279, 2020, '01:14.25', '15/12/2019', 26),
(1728, 2, 15, 290, 279, 2020, '01:15.19', '26/01/2020', 4),
(1729, 87, 15, 15, 279, 2020, '00:46.16', '15/12/2019', 2),
(1730, 73, 15, 13, 279, 2020, '00:50.76', '26/01/2020', 27),
(1731, 59, 15, 16, 279, 2020, '00:51.06', '15/12/2019', 2),
(1732, 76, 15, 13, 1554, 2020, '00:51.73', '07/12/2019', 31),
(1733, 99, 15, 15, 1581, 2020, '00:51.77', '07/03/2020', 10),
(1734, 50, 15, 15, 1581, 2020, '00:52.39', '07/03/2020', 12),
(1735, 61, 15, 15, 279, 2020, '00:54.12', '15/12/2019', 19),
(1736, 84, 15, 15, 279, 2020, '00:57.01', '15/12/2019', 31),
(1737, 32, 15, 18, 279, 2020, '00:59.58', '26/01/2020', 11),
(1738, 85, 15, 21, 279, 2020, '01:02.80', '15/12/2019', 6),
(1739, 102, 15, 47, 279, 2020, '01:04.09', '26/01/2020', 7),
(1740, 101, 15, 13, 264, 2020, '01:07.57', '24/11/2019', 82),
(1741, 31, 15, 13, 279, 2020, '01:30.62', '26/01/2020', 84),
(1742, 68, 16, 2, 1581, 2020, '02:06.67', '07/03/2020', 5),
(1743, 4, 16, 3, 1554, 2020, '02:11.83', '07/12/2019', 22),
(1744, 37, 16, 11, 12, 2020, '02:16.71', '12/01/2020', 26),
(1745, 90, 16, 3, 264, 2020, '02:17.86', '24/11/2019', 30),
(1746, 83, 16, 11, 279, 2020, '02:18.02', '15/12/2019', 28),
(1747, 24, 16, 2, 279, 2020, '02:19.96', '15/12/2019', 19),
(1748, 69, 16, 2, 279, 2020, '02:20.28', '15/12/2019', 20),
(1749, 79, 16, 2, 12, 2020, '02:27.95', '12/01/2020', 31),
(1750, 94, 16, 11, 279, 2020, '02:32.36', '15/12/2019', 38),
(1751, 66, 16, 6, 2, 2020, '02:36.95', '08/02/2020', 7),
(1752, 97, 16, 11, 279, 2020, '02:36.98', '15/12/2019', 42),
(1753, 93, 16, 2, 279, 2020, '02:39.42', '15/12/2019', 43),
(1754, 95, 16, 11, 279, 2020, '02:39.62', '15/12/2019', 44),
(1755, 70, 16, 2, 279, 2020, '02:39.79', '15/12/2019', 44),
(1756, 96, 16, 11, 264, 2020, '02:41.91', '24/11/2019', 45),
(1757, 57, 16, 6, 2, 2020, '02:44.02', '08/02/2020', 11),
(1758, 2, 16, 290, 264, 2020, '02:51.65', '24/11/2019', 7),
(1759, 76, 16, 13, 1554, 2020, '01:49.33', '07/12/2019', 18),
(1760, 59, 16, 16, 279, 2020, '01:55.27', '15/12/2019', 2),
(1761, 50, 16, 15, 279, 2020, '02:01.91', '15/12/2019', 10),
(1762, 73, 16, 13, 264, 2020, '02:10.28', '24/11/2019', 48),
(1763, 101, 16, 13, 264, 2020, '02:33.84', '24/11/2019', 57),
(1764, 68, 17, 2, 1581, 2020, '04:33.86', '07/03/2020', 3),
(1765, 37, 17, 11, 2, 2020, '04:53.83', '08/02/2020', 17),
(1766, 66, 17, 6, 2, 2020, '05:27.99', '08/02/2020', 2),
(1767, 93, 17, 2, 2, 2020, '05:42.41', '08/02/2020', 19),
(1768, 57, 17, 6, 2, 2020, '05:44.97', '08/02/2020', 4),
(1769, 2, 17, 290, 2, 2020, '06:19.65', '08/02/2020', 4),
(1770, 59, 17, 16, 1581, 2020, '04:07.34', '07/03/2020', 1),
(1771, 50, 17, 15, 1581, 2020, '04:22.38', '07/03/2020', 12),
(1772, 73, 17, 13, 264, 2020, '04:26.95', '24/11/2019', 24),
(1773, 101, 17, 13, 264, 2020, '05:18.16', '24/11/2019', 35),
(1774, 106, 1, 3, 264, 2019, '00:23.61', '25/11/2018', 28),
(1775, 89, 1, 11, 12, 2019, '00:23.81', '03/02/2019', 22),
(1776, 107, 1, 3, 264, 2019, '00:24.16', '25/11/2018', 32),
(1777, 83, 1, 2, 1777, 2019, '00:24.18', '04/05/2019', 27),
(1778, 24, 1, 6, 12, 2019, '00:25.41', '03/02/2019', 9),
(1779, 108, 1, 3, 279, 2019, '00:26.34', '27/01/2019', 49),
(1780, 4, 1, 11, 261, 2019, '00:27.20', '09/03/2019', 40),
(1781, 92, 1, 3, 279, 2019, '00:27.23', '27/01/2019', 55),
(1782, 27, 1, 1, 279, 2019, '00:28.53', '27/01/2019', 8),
(1783, 69, 1, 2, 264, 2019, '00:29.30', '25/11/2018', 58),
(1784, 80, 1, 11, 11, 2019, '00:30.03', '18/11/2018', 45),
(1785, 79, 1, 2, 12, 2019, '00:30.07', '03/02/2019', 65),
(1786, 93, 1, 2, 11, 2019, '00:30.80', '18/11/2018', 73),
(1787, 66, 1, 6, 1777, 2019, '00:30.86', '04/05/2019', 39),
(1788, 109, 1, 1, 279, 2019, '00:31.99', '27/01/2019', 16),
(1789, 57, 1, 6, 279, 2019, '00:33.78', '09/12/2018', 56),
(1790, 2, 1, 398, 12, 2019, '00:38.54', '03/02/2019', 5),
(1791, 25, 1, 290, 264, 2019, '00:43.58', '25/11/2018', 49),
(1792, 87, 1, 15, 2, 2019, '00:18.00', '23/03/2019', 2),
(1793, 84, 1, 15, 2, 2019, '00:20.98', '23/03/2019', 24),
(1794, 73, 1, 15, 1794, 2019, '00:21.02', '02/03/2019', 25),
(1795, 110, 1, 13, 1777, 2019, '00:21.06', '04/05/2019', 48),
(1796, 100, 1, 15, 1794, 2019, '00:21.28', '02/03/2019', 28),
(1797, 50, 1, 15, 2, 2019, '00:22.05', '23/03/2019', 31),
(1798, 59, 1, 16, 261, 2019, '00:22.59', '09/03/2019', 16),
(1799, 99, 1, 16, 261, 2019, '00:23.06', '09/03/2019', 18),
(1800, 76, 1, 13, 279, 2019, '00:23.22', '27/01/2019', 59),
(1801, 61, 1, 15, 279, 2019, '00:24.13', '27/01/2019', 43),
(1802, 101, 1, 13, 279, 2019, '00:25.28', '27/01/2019', 68),
(1803, 85, 1, 21, 1777, 2019, '00:27.49', '04/05/2019', 22),
(1804, 32, 1, 49, 279, 2019, '00:28.00', '27/01/2019', 18),
(1805, 102, 1, 47, 279, 2019, '00:28.23', '27/01/2019', 15),
(1806, 111, 1, 18, 279, 2019, '00:28.46', '27/01/2019', 31),
(1807, 112, 1, 18, 279, 2019, '00:32.13', '27/01/2019', 43),
(1808, 107, 4, 3, 261, 2019, '00:48.66', '09/03/2019', 23),
(1809, 106, 4, 3, 1809, 2019, '00:48.78', '06/04/2019', 25),
(1810, 24, 4, 6, 1810, 2019, '00:55.04', '15/12/2018', 5),
(1811, 89, 4, 11, 279, 2019, '00:55.34', '27/01/2019', 23),
(1812, 108, 4, 3, 279, 2019, '00:56.03', '27/01/2019', 54),
(1813, 83, 4, 2, 12, 2019, '00:56.20', '03/02/2019', 31),
(1814, 69, 4, 2, 2, 2019, '01:02.37', '23/03/2019', 49),
(1815, 80, 4, 11, 279, 2019, '01:04.18', '09/12/2018', 46),
(1816, 27, 4, 1, 261, 2019, '01:05.12', '09/03/2019', 15),
(1817, 4, 4, 11, 2, 2019, '01:05.39', '23/03/2019', 47),
(1818, 57, 4, 6, 2, 2019, '01:06.91', '22/06/2019', 23),
(1819, 92, 4, 3, 279, 2019, '01:07.83', '27/01/2019', 77),
(1820, 79, 4, 2, 2, 2019, '01:08.51', '22/06/2019', 65),
(1821, 93, 4, 2, 279, 2019, '01:09.91', '09/12/2018', 67),
(1822, 94, 4, 11, 2, 2019, '01:12.83', '23/03/2019', 51),
(1823, 10, 4, 3, 279, 2019, '01:17.35', '27/01/2019', 82),
(1824, 66, 4, 6, 1777, 2019, '01:19.81', '04/05/2019', 56),
(1825, 2, 4, 398, 2, 2019, '01:25.18', '22/06/2019', 4),
(1826, 25, 4, 290, 264, 2019, '01:27.55', '25/11/2018', 35),
(1827, 87, 4, 15, 1827, 2019, '00:41.83', '01/12/2018', 7),
(1828, 73, 4, 15, 2, 2019, '00:44.45', '23/03/2019', 16),
(1829, 100, 4, 15, 2, 2019, '00:46.62', '23/03/2019', 24),
(1830, 84, 4, 15, 261, 2019, '00:47.69', '09/03/2019', 26),
(1831, 110, 4, 13, 261, 2019, '00:49.26', '09/03/2019', 53),
(1832, 113, 4, 13, 22, 2019, '00:49.41', '12/01/2019', 54),
(1833, 59, 4, 16, 261, 2019, '00:51.41', '09/03/2019', 18),
(1834, 50, 4, 15, 2, 2019, '00:54.40', '23/03/2019', 43),
(1835, 30, 4, 47, 279, 2019, '00:59.27', '27/01/2019', 9),
(1836, 32, 4, 49, 22, 2019, '01:00.31', '12/01/2019', 13),
(1837, 101, 4, 13, 264, 2019, '01:01.57', '25/11/2018', 77),
(1838, 85, 4, 21, 279, 2019, '01:03.02', '09/12/2018', 17),
(1839, 102, 4, 47, 22, 2019, '01:08.52', '12/01/2019', 25),
(1840, 106, 5, 3, 92, 2019, '01:43.73', '10/05/2019', 15),
(1841, 107, 5, 3, 261, 2019, '01:47.99', '09/03/2019', 22),
(1842, 89, 5, 11, 261, 2019, '02:05.39', '09/03/2019', 20),
(1843, 83, 5, 2, 22, 2019, '02:12.10', '12/01/2019', 30),
(1844, 24, 5, 6, 2, 2019, '02:19.09', '23/03/2019', 13),
(1845, 27, 5, 1, 261, 2019, '02:23.95', '09/03/2019', 10),
(1846, 69, 5, 2, 279, 2019, '02:24.66', '27/01/2019', 44),
(1847, 92, 5, 3, 279, 2019, '02:24.71', '27/01/2019', 60),
(1848, 80, 5, 11, 279, 2019, '02:26.70', '09/12/2018', 36),
(1849, 57, 5, 6, 2, 2019, '02:36.67', '22/06/2019', 24),
(1850, 93, 5, 2, 2, 2019, '02:41.84', '22/06/2019', 53),
(1851, 79, 5, 2, 2, 2019, '02:44.04', '23/03/2019', 57),
(1852, 94, 5, 11, 2, 2019, '02:46.46', '23/03/2019', 43),
(1853, 10, 5, 3, 279, 2019, '02:53.19', '27/01/2019', 65),
(1854, 66, 5, 6, 2, 2019, '02:53.85', '23/03/2019', 44),
(1855, 2, 5, 398, 2, 2019, '03:05.05', '22/06/2019', 1),
(1856, 87, 5, 15, 1810, 2019, '01:37.74', '15/12/2018', 10),
(1857, 73, 5, 15, 92, 2019, '01:47.05', '10/05/2019', 19),
(1858, 84, 5, 15, 2, 2019, '01:50.41', '23/03/2019', 23),
(1859, 59, 5, 16, 261, 2019, '01:51.81', '09/03/2019', 10),
(1860, 110, 5, 13, 261, 2019, '01:56.03', '09/03/2019', 46),
(1861, 30, 5, 47, 279, 2019, '02:09.11', '27/01/2019', 4),
(1862, 50, 5, 15, 264, 2019, '02:14.72', '25/11/2018', 39),
(1863, 85, 5, 21, 22, 2019, '02:17.52', '12/01/2019', 18),
(1864, 102, 5, 47, 22, 2019, '02:21.20', '12/01/2019', 7),
(1865, 101, 5, 13, 279, 2019, '02:25.23', '27/01/2019', 62),
(1866, 32, 5, 49, 279, 2019, '02:25.70', '27/01/2019', 17),
(1867, 106, 6, 3, 1794, 2019, '03:49.52', '02/03/2019', 14),
(1868, 107, 6, 3, 1810, 2019, '03:53.95', '15/12/2018', 19),
(1869, 66, 6, 6, 1777, 2019, '04:30.01', '04/05/2019', 8),
(1870, 89, 6, 11, 12, 2019, '04:32.70', '03/02/2019', 20),
(1871, 24, 6, 6, 12, 2019, '04:45.36', '03/02/2019', 12),
(1872, 93, 6, 2, 2, 2019, '04:49.55', '22/06/2019', 28),
(1873, 92, 6, 3, 279, 2019, '04:56.08', '27/01/2019', 45),
(1874, 27, 6, 1, 261, 2019, '04:57.79', '09/03/2019', 9),
(1875, 80, 6, 11, 11, 2019, '05:08.97', '18/11/2018', 29),
(1876, 10, 6, 3, 279, 2019, '05:56.91', '27/01/2019', 52),
(1877, 87, 6, 15, 12, 2019, '03:49.17', '03/02/2019', 16),
(1878, 84, 6, 15, 261, 2019, '04:05.15', '09/03/2019', 23),
(1879, 110, 6, 13, 1810, 2019, '04:13.43', '15/12/2018', 37),
(1880, 30, 6, 47, 279, 2019, '04:21.30', '27/01/2019', 2),
(1881, 59, 6, 16, 12, 2019, '04:28.02', '03/02/2019', 15),
(1882, 73, 6, 15, 12, 2019, '04:40.68', '03/02/2019', 32),
(1883, 85, 6, 21, 12, 2019, '04:44.30', '03/02/2019', 18),
(1884, 50, 6, 15, 264, 2019, '04:50.18', '25/11/2018', 35),
(1885, 102, 6, 47, 279, 2019, '04:50.56', '27/01/2019', 4),
(1886, 32, 6, 49, 279, 2019, '04:55.90', '27/01/2019', 10),
(1887, 101, 6, 13, 279, 2019, '05:11.16', '27/01/2019', 50),
(1888, 106, 7, 3, 1794, 2019, '08:00.32', '02/03/2019', 11),
(1889, 24, 7, 6, 1777, 2019, '10:12.12', '04/05/2019', 12),
(1890, 93, 7, 2, 22, 2019, '11:58.50', '12/01/2019', 27),
(1891, 66, 7, 6, 1777, 2019, '12:30.13', '04/05/2019', 37),
(1892, 84, 7, 15, 264, 2019, '09:29.83', '25/11/2018', 17),
(1893, 85, 7, 21, 1777, 2019, '10:09.18', '04/05/2019', 18),
(1894, 102, 7, 47, 22, 2019, '10:25.63', '12/01/2019', 4),
(1895, 101, 7, 13, 264, 2019, '11:18.62', '25/11/2018', 30),
(1896, 106, 8, 3, 1794, 2019, '15:50.82', '02/03/2019', 12),
(1897, 107, 9, 3, 261, 2019, '00:20.70', '09/03/2019', 21),
(1898, 83, 9, 2, 1810, 2019, '00:23.42', '15/12/2018', 26),
(1899, 69, 9, 2, 2, 2019, '00:26.34', '23/03/2019', 31),
(1900, 93, 9, 2, 264, 2019, '00:29.12', '25/11/2018', 39),
(1901, 2, 9, 398, 2, 2019, '01:23.98', '22/06/2019', 1),
(1902, 87, 9, 15, 1827, 2019, '00:16.83', '01/12/2018', 3),
(1903, 110, 9, 13, 261, 2019, '00:18.91', '09/03/2019', 52),
(1904, 50, 9, 15, 261, 2019, '00:19.20', '09/03/2019', 22),
(1905, 100, 9, 15, 2, 2019, '00:19.45', '23/03/2019', 23),
(1906, 73, 9, 15, 2, 2019, '00:19.93', '23/03/2019', 24),
(1907, 99, 9, 16, 1777, 2019, '00:20.25', '04/05/2019', 12),
(1908, 114, 9, 13, 264, 2019, '00:20.37', '25/11/2018', 67),
(1909, 101, 9, 13, 264, 2019, '00:21.93', '25/11/2018', 72),
(1910, 59, 9, 16, 2, 2019, '00:23.19', '23/03/2019', 20),
(1911, 106, 10, 3, 279, 2019, '00:50.84', '27/01/2019', 15),
(1912, 89, 10, 11, 1810, 2019, '01:03.60', '15/12/2018', 18),
(1913, 24, 10, 6, 1777, 2019, '01:05.30', '04/05/2019', 14),
(1914, 66, 10, 6, 1777, 2019, '01:22.56', '04/05/2019', 31),
(1915, 100, 10, 15, 261, 2019, '00:43.58', '09/03/2019', 11),
(1916, 101, 10, 13, 279, 2019, '01:00.50', '27/01/2019', 36),
(1917, 85, 10, 21, 1777, 2019, '01:08.07', '04/05/2019', 23),
(1918, 89, 13, 11, 1810, 2019, '04:44.64', '15/12/2018', 11),
(1919, 100, 13, 15, 1810, 2019, '04:01.24', '15/12/2018', 10),
(1920, 101, 13, 13, 22, 2019, '05:34.94', '12/01/2019', 21),
(1921, 89, 14, 11, 279, 2019, '00:25.51', '09/12/2018', 10),
(1922, 83, 14, 2, 279, 2019, '00:26.66', '09/12/2018', 22),
(1923, 4, 14, 11, 1777, 2019, '00:26.88', '04/05/2019', 22),
(1924, 69, 14, 2, 2, 2019, '00:28.98', '22/06/2019', 47),
(1925, 24, 14, 6, 1777, 2019, '00:29.36', '04/05/2019', 14),
(1926, 93, 14, 2, 22, 2019, '00:29.59', '12/01/2019', 51),
(1927, 79, 14, 2, 2, 2019, '00:29.77', '22/06/2019', 52),
(1928, 80, 14, 11, 279, 2019, '00:29.94', '09/12/2018', 42),
(1929, 66, 14, 6, 1777, 2019, '00:31.51', '04/05/2019', 35),
(1930, 57, 14, 6, 2, 2019, '00:31.98', '22/06/2019', 39),
(1931, 94, 14, 11, 2, 2019, '00:32.46', '23/03/2019', 53),
(1932, 109, 14, 1, 279, 2019, '00:33.73', '27/01/2019', 25),
(1933, 2, 14, 398, 2, 2019, '00:34.28', '22/06/2019', 1),
(1934, 25, 14, 290, 279, 2019, '00:39.29', '27/01/2019', 42),
(1935, 87, 14, 15, 2, 2019, '00:21.28', '23/03/2019', 3),
(1936, 114, 14, 13, 261, 2019, '00:22.33', '09/03/2019', 29),
(1937, 100, 14, 15, 92, 2019, '00:22.70', '10/05/2019', 12),
(1938, 76, 14, 13, 261, 2019, '00:22.79', '09/03/2019', 37),
(1939, 73, 14, 15, 92, 2019, '00:22.85', '10/05/2019', 14),
(1940, 50, 14, 15, 1777, 2019, '00:23.25', '04/05/2019', 19),
(1941, 113, 14, 13, 22, 2019, '00:24.08', '12/01/2019', 53),
(1942, 84, 14, 15, 2, 2019, '00:24.56', '23/03/2019', 35),
(1943, 99, 14, 16, 261, 2019, '00:24.73', '09/03/2019', 12),
(1944, 59, 14, 16, 1777, 2019, '00:24.84', '04/05/2019', 14),
(1945, 110, 14, 13, 279, 2019, '00:25.08', '09/12/2018', 67),
(1946, 61, 14, 15, 279, 2019, '00:25.30', '09/12/2018', 40),
(1947, 101, 14, 13, 264, 2019, '00:26.95', '25/11/2018', 73),
(1948, 85, 14, 21, 279, 2019, '00:29.06', '27/01/2019', 20),
(1949, 78, 14, 18, 279, 2019, '00:30.03', '27/01/2019', 48),
(1950, 112, 14, 18, 279, 2019, '00:32.41', '27/01/2019', 61),
(1951, 89, 15, 11, 261, 2019, '00:57.15', '09/03/2019', 11),
(1952, 4, 15, 11, 2, 2019, '00:57.98', '23/03/2019', 14),
(1953, 106, 15, 3, 279, 2019, '00:58.32', '09/12/2018', 27),
(1954, 83, 15, 2, 261, 2019, '01:00.27', '09/03/2019', 21),
(1955, 93, 15, 2, 279, 2019, '01:07.19', '09/12/2018', 45),
(1956, 80, 15, 11, 11, 2019, '01:07.45', '18/11/2018', 42),
(1957, 79, 15, 2, 12, 2019, '01:08.07', '03/02/2019', 49),
(1958, 69, 15, 2, 2, 2019, '01:08.16', '22/06/2019', 50),
(1959, 27, 15, 1, 261, 2019, '01:09.06', '09/03/2019', 11),
(1960, 24, 15, 6, 12, 2019, '01:09.54', '03/02/2019', 16),
(1961, 57, 15, 6, 2, 2019, '01:13.29', '22/06/2019', 25),
(1962, 66, 15, 6, 12, 2019, '01:17.02', '03/02/2019', 35),
(1963, 2, 15, 398, 2, 2019, '01:19.93', '22/06/2019', 1),
(1964, 25, 15, 290, 264, 2019, '01:32.45', '25/11/2018', 43),
(1965, 87, 15, 15, 279, 2019, '00:47.28', '09/12/2018', 4),
(1966, 114, 15, 13, 261, 2019, '00:49.08', '09/03/2019', 18),
(1967, 76, 15, 13, 261, 2019, '00:49.21', '09/03/2019', 19),
(1968, 73, 15, 15, 261, 2019, '00:50.02', '09/03/2019', 12),
(1969, 100, 15, 15, 92, 2019, '00:50.36', '10/05/2019', 14),
(1970, 99, 15, 16, 92, 2019, '00:52.74', '10/05/2019', 5),
(1971, 50, 15, 15, 261, 2019, '00:53.28', '09/03/2019', 28),
(1972, 59, 15, 16, 279, 2019, '00:54.83', '27/01/2019', 11),
(1973, 61, 15, 15, 279, 2019, '00:55.50', '27/01/2019', 35),
(1974, 110, 15, 13, 279, 2019, '00:55.74', '09/12/2018', 56),
(1975, 30, 15, 47, 261, 2019, '00:57.46', '09/03/2019', 5),
(1976, 84, 15, 15, 279, 2019, '00:58.66', '09/12/2018', 43),
(1977, 101, 15, 13, 279, 2019, '00:59.59', '09/12/2018', 64),
(1978, 32, 15, 49, 261, 2019, '01:00.62', '09/03/2019', 17),
(1979, 102, 15, 47, 279, 2019, '01:02.23', '09/12/2018', 9),
(1980, 111, 15, 18, 279, 2019, '01:06.00', '27/01/2019', 27),
(1981, 82, 15, 49, 279, 2019, '01:07.81', '27/01/2019', 26),
(1982, 85, 15, 21, 279, 2019, '01:08.63', '09/12/2018', 22),
(1983, 78, 15, 18, 279, 2019, '01:09.92', '09/12/2018', 42),
(1984, 112, 15, 18, 279, 2019, '01:14.19', '27/01/2019', 50),
(1985, 106, 16, 3, 279, 2019, '02:05.30', '09/12/2018', 16),
(1986, 89, 16, 11, 261, 2019, '02:07.13', '09/03/2019', 11),
(1987, 4, 16, 11, 1777, 2019, '02:14.83', '04/05/2019', 22),
(1988, 83, 16, 2, 12, 2019, '02:18.15', '03/02/2019', 23),
(1989, 80, 16, 11, 22, 2019, '02:30.87', '12/01/2019', 36),
(1990, 24, 16, 6, 12, 2019, '02:39.18', '03/02/2019', 11),
(1991, 79, 16, 2, 12, 2019, '02:42.62', '03/02/2019', 44),
(1992, 93, 16, 2, 12, 2019, '02:42.95', '03/02/2019', 46),
(1993, 66, 16, 6, 12, 2019, '02:45.64', '03/02/2019', 15),
(1994, 2, 16, 398, 279, 2019, '03:04.11', '09/12/2018', 1),
(1995, 114, 16, 13, 261, 2019, '01:50.68', '09/03/2019', 22),
(1996, 76, 16, 13, 261, 2019, '01:52.64', '09/03/2019', 28),
(1997, 87, 16, 15, 12, 2019, '01:53.42', '03/02/2019', 16),
(1998, 30, 16, 47, 279, 2019, '02:00.80', '09/12/2018', 1),
(1999, 59, 16, 16, 1777, 2019, '02:01.54', '04/05/2019', 4),
(2000, 50, 16, 15, 22, 2019, '02:05.94', '12/01/2019', 29),
(2001, 32, 16, 49, 261, 2019, '02:17.66', '09/03/2019', 12),
(2002, 84, 16, 15, 12, 2019, '02:24.43', '03/02/2019', 41),
(2003, 102, 16, 47, 279, 2019, '02:24.70', '09/12/2018', 6),
(2004, 85, 16, 21, 12, 2019, '02:29.87', '03/02/2019', 18),
(2005, 101, 16, 13, 279, 2019, '02:30.43', '09/12/2018', 56),
(2006, 78, 16, 18, 22, 2019, '02:55.57', '12/01/2019', 37),
(2007, 106, 17, 3, 279, 2019, '04:36.98', '09/12/2018', 14),
(2008, 89, 17, 11, 2, 2019, '04:43.09', '23/03/2019', 12),
(2009, 83, 17, 2, 279, 2019, '04:54.02', '09/12/2018', 17),
(2010, 4, 17, 11, 2, 2019, '05:30.65', '23/03/2019', 24),
(2011, 66, 17, 6, 2, 2019, '06:06.00', '23/03/2019', 11),
(2012, 30, 17, 47, 279, 2019, '04:16.69', '09/12/2018', 1),
(2013, 59, 17, 16, 1777, 2019, '04:17.96', '04/05/2019', 3),
(2014, 76, 17, 13, 264, 2019, '04:26.91', '25/11/2018', 23),
(2015, 50, 17, 15, 279, 2019, '04:35.56', '09/12/2018', 22),
(2016, 102, 17, 47, 279, 2019, '04:52.24', '09/12/2018', 4),
(2017, 32, 17, 49, 279, 2019, '04:58.84', '09/12/2018', 6),
(2018, 84, 17, 15, 261, 2019, '05:00.95', '09/03/2019', 27),
(2019, 101, 17, 13, 279, 2019, '05:05.37', '09/12/2018', 33),
(2020, 88, 1, 11, 2020, 2018, '00:22.58', '04/02/2018', 12),
(2021, 106, 1, 11, 2020, 2018, '00:23.60', '04/02/2018', 17),
(2022, 91, 1, 3, 2020, 2018, '00:24.63', '04/02/2018', 47),
(2023, 89, 1, 11, 2020, 2018, '00:24.96', '04/02/2018', 28),
(2024, 83, 1, 2, 279, 2018, '00:25.14', '08/04/2018', 28),
(2025, 27, 1, 1, 2020, 2018, '00:27.09', '04/02/2018', 5),
(2026, 4, 1, 11, 261, 2018, '00:28.24', '17/03/2018', 45),
(2027, 24, 1, 6, 279, 2018, '00:28.29', '08/04/2018', 25),
(2028, 80, 1, 2, 2020, 2018, '00:28.92', '04/02/2018', 55),
(2029, 115, 1, 10, 264, 2018, '00:31.51', '19/11/2017', 15),
(2030, 66, 1, 290, 279, 2018, '00:33.09', '08/04/2018', 12),
(2031, 93, 1, 6, 22, 2018, '00:34.03', '15/04/2018', 55),
(2032, 116, 1, 2, 2020, 2018, '00:37.59', '04/02/2018', 85),
(2033, 25, 1, 290, 2020, 2018, '00:45.42', '04/02/2018', 43),
(2034, 87, 1, 16, 261, 2018, '00:18.32', '17/03/2018', 1),
(2035, 100, 1, 15, 2035, 2018, '00:21.10', '28/04/2018', 24),
(2036, 73, 1, 15, 2035, 2018, '00:21.79', '28/04/2018', 32),
(2037, 50, 1, 16, 2035, 2018, '00:22.88', '28/04/2018', 18),
(2038, 110, 1, 15, 22, 2018, '00:23.17', '15/04/2018', 34),
(2039, 84, 1, 16, 261, 2018, '00:23.30', '17/03/2018', 19),
(2040, 113, 1, 13, 2020, 2018, '00:23.30', '04/02/2018', 46),
(2041, 76, 1, 15, 2020, 2018, '00:24.80', '04/02/2018', 42),
(2042, 59, 1, 21, 279, 2018, '00:24.96', '08/04/2018', 8),
(2043, 61, 1, 16, 261, 2018, '00:26.15', '17/03/2018', 37),
(2044, 101, 1, 13, 261, 2018, '00:27.13', '17/03/2018', 60),
(2045, 85, 1, 22, 22, 2018, '00:29.58', '15/04/2018', 4),
(2046, 88, 4, 11, 261, 2018, '00:48.07', '17/03/2018', 8),
(2047, 106, 4, 11, 261, 2018, '00:50.47', '17/03/2018', 14),
(2048, 91, 4, 3, 264, 2018, '00:56.52', '19/11/2017', 61),
(2049, 89, 4, 11, 261, 2018, '00:56.67', '17/03/2018', 27),
(2050, 83, 4, 2, 261, 2018, '00:57.97', '17/03/2018', 33),
(2051, 80, 4, 2, 261, 2018, '01:01.41', '17/03/2018', 46),
(2052, 24, 4, 6, 261, 2018, '01:04.37', '17/03/2018', 19),
(2053, 4, 4, 11, 264, 2018, '01:08.40', '17/12/2017', 47),
(2054, 117, 4, 1, 2020, 2018, '01:10.97', '04/02/2018', 17),
(2055, 27, 4, 1, 264, 2018, '01:12.62', '19/11/2017', 19),
(2056, 66, 4, 290, 279, 2018, '01:19.65', '08/04/2018', 13),
(2057, 93, 4, 6, 22, 2018, '01:20.03', '15/04/2018', 51),
(2058, 87, 4, 16, 261, 2018, '00:41.26', '17/03/2018', 1),
(2059, 113, 4, 13, 2020, 2018, '00:46.68', '04/02/2018', 47),
(2060, 100, 4, 15, 22, 2018, '00:48.78', '15/04/2018', 34),
(2061, 73, 4, 15, 22, 2018, '00:49.07', '15/04/2018', 36),
(2062, 84, 4, 16, 261, 2018, '00:50.59', '17/03/2018', 13),
(2063, 110, 4, 15, 22, 2018, '00:52.33', '15/04/2018', 41),
(2064, 50, 4, 16, 279, 2018, '00:54.43', '08/04/2018', 26),
(2065, 59, 4, 21, 279, 2018, '00:55.97', '08/04/2018', 5),
(2066, 61, 4, 16, 261, 2018, '00:59.86', '17/03/2018', 38),
(2067, 118, 4, 13, 2020, 2018, '01:01.73', '04/02/2018', 76),
(2068, 101, 4, 13, 261, 2018, '01:01.78', '17/03/2018', 77),
(2069, 30, 4, 47, 2020, 2018, '01:02.38', '04/02/2018', 6),
(2070, 119, 4, 15, 261, 2018, '01:09.80', '17/03/2018', 65),
(2071, 102, 4, 47, 2020, 2018, '01:09.91', '04/02/2018', 18),
(2072, 85, 4, 22, 264, 2018, '01:12.05', '19/11/2017', 7),
(2073, 106, 5, 11, 2073, 2018, '01:47.38', '11/05/2018', 6),
(2074, 88, 5, 11, 2073, 2018, '01:48.52', '11/05/2018', 7),
(2075, 91, 5, 3, 261, 2018, '02:06.46', '17/03/2018', 48),
(2076, 89, 5, 11, 2076, 2018, '02:09.20', '21/01/2018', 27),
(2077, 83, 5, 2, 2020, 2018, '02:15.38', '04/02/2018', 37),
(2078, 80, 5, 2, 261, 2018, '02:19.98', '17/03/2018', 40),
(2079, 24, 5, 6, 2035, 2018, '02:32.44', '28/04/2018', 25),
(2080, 27, 5, 1, 264, 2018, '02:32.55', '19/11/2017', 13),
(2081, 117, 5, 1, 264, 2018, '03:10.08', '19/11/2017', 23),
(2082, 87, 5, 16, 2073, 2018, '01:38.70', '11/05/2018', 4),
(2083, 100, 5, 15, 261, 2018, '02:02.32', '17/03/2018', 32),
(2084, 59, 5, 21, 2076, 2018, '02:06.02', '21/01/2018', 6),
(2085, 118, 5, 13, 2020, 2018, '02:06.28', '04/02/2018', 52),
(2086, 30, 5, 47, 2020, 2018, '02:08.40', '04/02/2018', 3),
(2087, 84, 5, 16, 2076, 2018, '02:09.63', '21/01/2018', 28),
(2088, 50, 5, 16, 264, 2018, '02:11.47', '19/11/2017', 30),
(2089, 119, 5, 15, 261, 2018, '02:11.85', '17/03/2018', 39),
(2090, 113, 5, 13, 2090, 2018, '02:13.04', '09/12/2017', 59),
(2091, 102, 5, 47, 2020, 2018, '02:27.31', '04/02/2018', 8),
(2092, 85, 5, 22, 261, 2018, '02:28.61', '17/03/2018', 2),
(2093, 106, 6, 11, 2073, 2018, '03:43.34', '11/05/2018', 3),
(2094, 91, 6, 3, 261, 2018, '04:21.93', '17/03/2018', 36),
(2095, 89, 6, 11, 2076, 2018, '04:26.26', '21/01/2018', 21),
(2096, 80, 6, 2, 261, 2018, '04:56.89', '17/03/2018', 33),
(2097, 24, 6, 6, 2035, 2018, '05:11.93', '28/04/2018', 25),
(2098, 27, 6, 1, 264, 2018, '05:19.05', '19/11/2017', 8),
(2099, 83, 6, 2, 264, 2018, '05:30.33', '19/11/2017', 48),
(2100, 117, 6, 1, 264, 2018, '06:34.32', '19/11/2017', 15),
(2101, 87, 6, 16, 264, 2018, '03:50.41', '17/12/2017', 6),
(2102, 30, 6, 47, 2020, 2018, '04:16.71', '04/02/2018', 1),
(2103, 118, 6, 13, 2020, 2018, '04:17.08', '04/02/2018', 35),
(2104, 84, 6, 16, 264, 2018, '04:23.60', '17/12/2017', 19),
(2105, 113, 6, 13, 2090, 2018, '04:32.23', '09/12/2017', 39),
(2106, 59, 6, 21, 22, 2018, '04:40.17', '15/04/2018', 13),
(2107, 100, 6, 15, 22, 2018, '04:47.20', '15/04/2018', 31),
(2108, 50, 6, 16, 2076, 2018, '05:00.61', '21/01/2018', 31),
(2109, 102, 6, 47, 2020, 2018, '05:07.62', '04/02/2018', 6),
(2110, 85, 6, 22, 261, 2018, '05:12.67', '17/03/2018', 3),
(2111, 106, 7, 11, 2073, 2018, '07:56.56', '11/05/2018', 3),
(2112, 89, 7, 11, 264, 2018, '10:22.99', '19/11/2017', 18),
(2113, 24, 7, 6, 2035, 2018, '10:50.45', '28/04/2018', 22),
(2114, 27, 7, 1, 264, 2018, '11:02.37', '19/11/2017', 7),
(2115, 80, 7, 2, 264, 2018, '11:11.12', '17/12/2017', 31),
(2116, 117, 7, 1, 264, 2018, '13:13.71', '19/11/2017', 13),
(2117, 84, 7, 16, 2090, 2018, '09:10.45', '09/12/2017', 13),
(2118, 59, 7, 21, 2035, 2018, '09:51.94', '28/04/2018', 14),
(2119, 85, 7, 22, 279, 2018, '11:00.98', '08/04/2018', 3),
(2120, 50, 7, 16, 264, 2018, '11:11.35', '19/11/2017', 27),
(2121, 106, 8, 11, 2073, 2018, '15:22.54', '11/05/2018', 4),
(2122, 50, 8, 16, 264, 2018, '21:09.66', '19/11/2017', 10),
(2123, 88, 9, 11, 2073, 2018, '00:19.45', '11/05/2018', 4),
(2124, 91, 9, 3, 261, 2018, '00:23.23', '17/03/2018', 43),
(2125, 106, 9, 11, 264, 2018, '00:24.12', '19/11/2017', 26),
(2126, 83, 9, 2, 2076, 2018, '00:24.95', '21/01/2018', 26),
(2127, 27, 9, 1, 264, 2018, '00:29.06', '19/11/2017', 5),
(2128, 87, 9, 16, 261, 2018, '00:17.16', '17/03/2018', 2),
(2129, 100, 9, 15, 2035, 2018, '00:18.43', '28/04/2018', 16),
(2130, 73, 9, 15, 279, 2018, '00:20.96', '08/04/2018', 31),
(2131, 50, 9, 16, 2035, 2018, '00:20.99', '28/04/2018', 14),
(2132, 110, 9, 15, 261, 2018, '00:21.03', '17/03/2018', 33),
(2133, 101, 9, 13, 264, 2018, '00:22.34', '17/12/2017', 54),
(2134, 102, 9, 47, 261, 2018, '00:26.38', '17/03/2018', 6),
(2135, 88, 10, 11, 2073, 2018, '00:47.09', '11/05/2018', 7),
(2136, 91, 10, 3, 261, 2018, '00:52.04', '17/03/2018', 21),
(2137, 24, 10, 6, 2035, 2018, '01:13.51', '28/04/2018', 24),
(2138, 100, 10, 15, 2073, 2018, '00:42.86', '11/05/2018', 8),
(2139, 87, 10, 16, 279, 2018, '00:45.39', '08/04/2018', 5),
(2140, 101, 10, 13, 264, 2018, '00:58.27', '17/12/2017', 31),
(2141, 59, 10, 21, 2035, 2018, '01:03.71', '28/04/2018', 12),
(2142, 91, 13, 3, 2090, 2018, '04:13.29', '09/12/2017', 13),
(2143, 100, 13, 15, 261, 2018, '04:17.80', '17/03/2018', 9),
(2144, 101, 13, 13, 261, 2018, '05:14.82', '17/03/2018', 19),
(2145, 88, 14, 11, 279, 2018, '00:25.04', '08/04/2018', 10),
(2146, 106, 14, 11, 2020, 2018, '00:26.03', '04/02/2018', 12),
(2147, 83, 14, 2, 2035, 2018, '00:26.43', '28/04/2018', 12),
(2148, 89, 14, 11, 2035, 2018, '00:26.53', '28/04/2018', 16),
(2149, 4, 14, 11, 279, 2018, '00:28.43', '08/04/2018', 32),
(2150, 80, 14, 2, 279, 2018, '00:29.53', '08/04/2018', 44),
(2151, 27, 14, 1, 264, 2018, '00:30.35', '19/11/2017', 9),
(2152, 24, 14, 6, 2035, 2018, '00:31.60', '28/04/2018', 34),
(2153, 115, 14, 10, 264, 2018, '00:32.93', '19/11/2017', 16),
(2154, 93, 14, 6, 22, 2018, '00:34.26', '15/04/2018', 53),
(2155, 117, 14, 1, 2020, 2018, '00:35.25', '04/02/2018', 28),
(2156, 66, 14, 290, 22, 2018, '00:36.52', '15/04/2018', 21),
(2157, 116, 14, 2, 2020, 2018, '00:37.06', '04/02/2018', 81),
(2158, 25, 14, 290, 2020, 2018, '00:42.38', '04/02/2018', 42),
(2159, 87, 14, 16, 22, 2018, '00:21.69', '15/04/2018', 2),
(2160, 76, 14, 15, 2035, 2018, '00:22.90', '28/04/2018', 13),
(2161, 100, 14, 15, 2035, 2018, '00:23.09', '28/04/2018', 16),
(2162, 113, 14, 13, 2076, 2018, '00:23.98', '21/01/2018', 47),
(2163, 73, 14, 15, 261, 2018, '00:24.07', '17/03/2018', 32),
(2164, 50, 14, 16, 2035, 2018, '00:24.37', '28/04/2018', 13),
(2165, 110, 14, 15, 2035, 2018, '00:24.58', '28/04/2018', 37),
(2166, 118, 14, 13, 264, 2018, '00:24.77', '17/12/2017', 58),
(2167, 119, 14, 15, 261, 2018, '00:24.98', '17/03/2018', 42),
(2168, 120, 14, 13, 2020, 2018, '00:25.46', '04/02/2018', 64),
(2169, 84, 14, 16, 279, 2018, '00:25.62', '08/04/2018', 20),
(2170, 101, 14, 13, 261, 2018, '00:26.31', '17/03/2018', 69),
(2171, 61, 14, 16, 279, 2018, '00:26.52', '08/04/2018', 27),
(2172, 59, 14, 21, 22, 2018, '00:27.07', '15/04/2018', 9),
(2173, 102, 14, 47, 261, 2018, '00:27.70', '17/03/2018', 4),
(2174, 85, 14, 22, 279, 2018, '00:30.38', '08/04/2018', 4),
(2175, 88, 15, 11, 2073, 2018, '00:54.83', '11/05/2018', 8),
(2176, 106, 15, 11, 2020, 2018, '00:57.43', '04/02/2018', 11),
(2177, 89, 15, 11, 261, 2018, '00:58.21', '17/03/2018', 12),
(2178, 83, 15, 2, 2035, 2018, '01:00.52', '28/04/2018', 20),
(2179, 80, 15, 2, 279, 2018, '01:01.98', '08/04/2018', 29),
(2180, 90, 15, 3, 2090, 2018, '01:02.46', '09/12/2017', 41),
(2181, 4, 15, 11, 279, 2018, '01:03.91', '08/04/2018', 28),
(2182, 27, 15, 1, 2020, 2018, '01:04.90', '04/02/2018', 3),
(2183, 115, 15, 10, 264, 2018, '01:13.84', '19/11/2017', 16),
(2184, 24, 15, 6, 261, 2018, '01:15.79', '17/03/2018', 38),
(2185, 93, 15, 6, 22, 2018, '01:17.68', '15/04/2018', 43),
(2186, 66, 15, 290, 279, 2018, '01:25.10', '08/04/2018', 20),
(2187, 25, 15, 290, 264, 2018, '01:47.24', '17/12/2017', 42),
(2188, 87, 15, 16, 2073, 2018, '00:48.47', '11/05/2018', 2),
(2189, 76, 15, 15, 2073, 2018, '00:51.17', '11/05/2018', 19),
(2190, 118, 15, 13, 2020, 2018, '00:51.52', '04/02/2018', 37),
(2191, 100, 15, 15, 2035, 2018, '00:52.71', '28/04/2018', 25),
(2192, 113, 15, 13, 2020, 2018, '00:53.58', '04/02/2018', 42),
(2193, 73, 15, 15, 2035, 2018, '00:53.63', '28/04/2018', 29),
(2194, 110, 15, 15, 2035, 2018, '00:53.85', '28/04/2018', 30),
(2195, 119, 15, 15, 261, 2018, '00:55.21', '17/03/2018', 35),
(2196, 50, 15, 16, 2035, 2018, '00:55.69', '28/04/2018', 15),
(2197, 30, 15, 47, 261, 2018, '00:57.53', '17/03/2018', 3),
(2198, 61, 15, 16, 261, 2018, '00:57.86', '17/03/2018', 20),
(2199, 102, 15, 47, 261, 2018, '01:00.39', '17/03/2018', 4),
(2200, 101, 15, 13, 264, 2018, '01:01.36', '19/11/2017', 68),
(2201, 59, 15, 21, 264, 2018, '01:03.35', '17/12/2017', 9),
(2202, 84, 15, 16, 33, 2018, '01:04.15', '03/12/2017', 37),
(2203, 85, 15, 22, 261, 2018, '01:08.84', '17/03/2018', 3),
(2204, 88, 16, 11, 2076, 2018, '02:03.21', '21/01/2018', 9),
(2205, 106, 16, 11, 279, 2018, '02:09.26', '08/04/2018', 13),
(2206, 89, 16, 11, 2035, 2018, '02:09.44', '28/04/2018', 14),
(2207, 90, 16, 3, 2090, 2018, '02:09.75', '09/12/2017', 21),
(2208, 83, 16, 2, 261, 2018, '02:19.31', '17/03/2018', 20),
(2209, 4, 16, 11, 279, 2018, '02:23.27', '08/04/2018', 26),
(2210, 80, 16, 2, 261, 2018, '02:25.27', '17/03/2018', 30),
(2211, 115, 16, 10, 264, 2018, '02:32.99', '19/11/2017', 6),
(2212, 93, 16, 6, 279, 2018, '02:55.01', '08/04/2018', 19),
(2213, 76, 16, 15, 2035, 2018, '01:56.25', '28/04/2018', 14),
(2214, 113, 16, 13, 2076, 2018, '01:58.32', '21/01/2018', 29),
(2215, 118, 16, 13, 264, 2018, '01:59.45', '17/12/2017', 31),
(2216, 30, 16, 47, 261, 2018, '01:59.84', '17/03/2018', 1),
(2217, 73, 16, 15, 264, 2018, '02:02.69', '17/12/2017', 28),
(2218, 61, 16, 16, 261, 2018, '02:08.61', '17/03/2018', 7),
(2219, 100, 16, 15, 22, 2018, '02:08.63', '15/04/2018', 34),
(2220, 110, 16, 15, 261, 2018, '02:10.23', '17/03/2018', 35),
(2221, 50, 16, 16, 22, 2018, '02:11.53', '15/04/2018', 12),
(2222, 119, 16, 15, 279, 2018, '02:11.87', '08/04/2018', 37),
(2223, 102, 16, 47, 261, 2018, '02:16.08', '17/03/2018', 2),
(2224, 59, 16, 21, 261, 2018, '02:18.97', '17/03/2018', 6),
(2225, 84, 16, 16, 279, 2018, '02:22.37', '08/04/2018', 31),
(2226, 85, 16, 22, 22, 2018, '02:28.10', '15/04/2018', 2),
(2227, 106, 17, 11, 279, 2018, '04:28.63', '08/04/2018', 5),
(2228, 88, 17, 11, 279, 2018, '04:31.94', '08/04/2018', 7),
(2229, 83, 17, 2, 264, 2018, '05:21.05', '17/12/2017', 25),
(2230, 80, 17, 2, 279, 2018, '05:26.35', '08/04/2018', 27),
(2231, 30, 17, 47, 261, 2018, '04:16.48', '17/03/2018', 1);
INSERT INTO `performances` (`id`, `nageur_id`, `epreuve_id`, `categorie_id`, `lieu_id`, `saison`, `temps`, `date_perf`, `classement`) VALUES
(2232, 76, 17, 15, 279, 2018, '04:38.92', '08/04/2018', 22),
(2233, 50, 17, 16, 2035, 2018, '04:44.23', '28/04/2018', 9),
(2234, 84, 17, 16, 279, 2018, '04:54.02', '08/04/2018', 11),
(2235, 88, 1, 2, 1157, 2017, '00:23.04', '01/04/2017', 13),
(2236, 91, 1, 3, 2, 2017, '00:24.27', '26/11/2016', 36),
(2237, 89, 1, 2, 264, 2017, '00:24.96', '11/03/2017', 24),
(2238, 121, 1, 3, 2, 2017, '00:26.38', '26/11/2016', 47),
(2239, 83, 1, 6, 2239, 2017, '00:26.40', '17/06/2017', 16),
(2240, 106, 1, 11, 2, 2017, '00:26.50', '26/11/2016', 41),
(2241, 122, 1, 3, 279, 2017, '00:26.92', '29/01/2017', 51),
(2242, 123, 1, 3, 279, 2017, '00:27.82', '29/01/2017', 60),
(2243, 80, 1, 2, 22, 2017, '00:28.40', '21/05/2017', 52),
(2244, 124, 1, 3, 279, 2017, '00:29.41', '29/01/2017', 61),
(2245, 24, 1, 290, 264, 2017, '00:34.04', '11/03/2017', 19),
(2246, 10, 1, 3, 2, 2017, '00:34.34', '26/11/2016', 75),
(2247, 93, 1, 6, 2, 2017, '00:39.95', '26/11/2016', 81),
(2248, 87, 1, 16, 264, 2017, '00:18.26', '11/03/2017', 1),
(2249, 120, 1, 13, 279, 2017, '00:22.84', '29/01/2017', 58),
(2250, 73, 1, 16, 2239, 2017, '00:23.04', '17/06/2017', 21),
(2251, 100, 1, 16, 22, 2017, '00:23.05', '21/05/2017', 22),
(2252, 76, 1, 15, 264, 2017, '00:25.37', '11/03/2017', 45),
(2253, 110, 1, 15, 264, 2017, '00:25.95', '11/03/2017', 46),
(2254, 125, 1, 13, 279, 2017, '00:26.24', '29/01/2017', 74),
(2255, 101, 1, 15, 264, 2017, '00:26.38', '11/03/2017', 50),
(2256, 84, 1, 16, 2256, 2017, '00:26.39', '22/01/2017', 42),
(2257, 61, 1, 16, 279, 2017, '00:27.34', '29/01/2017', 50),
(2258, 50, 1, 16, 279, 2017, '00:27.80', '29/01/2017', 53),
(2259, 126, 1, 18, 279, 2017, '00:27.91', '29/01/2017', 17),
(2260, 102, 1, 47, 11, 2017, '00:28.13', '05/03/2017', 7),
(2261, 127, 1, 13, 2, 2017, '00:28.29', '26/11/2016', 80),
(2262, 59, 1, 21, 2239, 2017, '00:28.72', '17/06/2017', 27),
(2263, 128, 1, 47, 279, 2017, '00:29.33', '29/01/2017', 12),
(2264, 85, 1, 22, 2256, 2017, '00:33.60', '22/01/2017', 24),
(2265, 129, 1, 2265, 279, 2017, '00:45.02', '29/01/2017', 11),
(2266, 88, 4, 2, 264, 2017, '00:49.48', '11/03/2017', 10),
(2267, 91, 4, 3, 279, 2017, '00:53.78', '29/01/2017', 37),
(2268, 130, 4, 3, 264, 2017, '00:54.01', '13/11/2016', 38),
(2269, 90, 4, 3, 264, 2017, '00:54.11', '13/11/2016', 39),
(2270, 121, 4, 3, 261, 2017, '00:54.59', '10/12/2016', 43),
(2271, 106, 4, 11, 2239, 2017, '00:54.77', '17/06/2017', 28),
(2272, 122, 4, 3, 264, 2017, '00:57.56', '11/03/2017', 53),
(2273, 89, 4, 2, 279, 2017, '00:59.15', '29/01/2017', 37),
(2274, 108, 4, 3, 264, 2017, '01:00.19', '13/11/2016', 62),
(2275, 123, 4, 3, 264, 2017, '01:02.51', '13/11/2016', 65),
(2276, 80, 4, 2, 264, 2017, '01:05.00', '13/11/2016', 50),
(2277, 27, 4, 1, 279, 2017, '01:05.99', '29/01/2017', 10),
(2278, 83, 4, 6, 264, 2017, '01:06.91', '11/03/2017', 32),
(2279, 124, 4, 3, 279, 2017, '01:07.05', '29/01/2017', 70),
(2280, 103, 4, 3, 264, 2017, '01:16.34', '13/11/2016', 81),
(2281, 10, 4, 3, 2, 2017, '01:20.27', '26/11/2016', 86),
(2282, 24, 4, 290, 264, 2017, '01:23.50', '13/11/2016', 24),
(2283, 93, 4, 6, 264, 2017, '01:36.71', '13/11/2016', 78),
(2284, 87, 4, 16, 2073, 2017, '00:43.14', '12/05/2017', 2),
(2285, 120, 4, 13, 279, 2017, '00:50.47', '29/01/2017', 63),
(2286, 73, 4, 16, 22, 2017, '00:51.88', '21/05/2017', 23),
(2287, 100, 4, 16, 264, 2017, '00:54.08', '11/03/2017', 27),
(2288, 110, 4, 15, 2239, 2017, '00:56.63', '17/06/2017', 41),
(2289, 30, 4, 47, 264, 2017, '00:57.77', '13/11/2016', 3),
(2290, 50, 4, 16, 22, 2017, '00:58.18', '21/05/2017', 34),
(2291, 84, 4, 16, 2256, 2017, '00:59.87', '22/01/2017', 39),
(2292, 76, 4, 15, 279, 2017, '01:00.70', '29/01/2017', 49),
(2293, 101, 4, 15, 2256, 2017, '01:00.95', '22/01/2017', 51),
(2294, 125, 4, 13, 279, 2017, '01:01.95', '29/01/2017', 87),
(2295, 61, 4, 16, 279, 2017, '01:02.17', '29/01/2017', 51),
(2296, 126, 4, 18, 279, 2017, '01:05.73', '29/01/2017', 34),
(2297, 59, 4, 21, 264, 2017, '01:05.75', '11/03/2017', 21),
(2298, 102, 4, 47, 264, 2017, '01:12.74', '13/11/2016', 19),
(2299, 127, 4, 13, 279, 2017, '01:14.11', '29/01/2017', 91),
(2300, 85, 4, 22, 264, 2017, '01:17.11', '11/03/2017', 25),
(2301, 130, 5, 3, 261, 2017, '01:55.66', '10/12/2016', 19),
(2302, 106, 5, 11, 2239, 2017, '01:56.28', '17/06/2017', 18),
(2303, 88, 5, 2, 264, 2017, '01:57.59', '11/03/2017', 14),
(2304, 91, 5, 3, 2, 2017, '01:59.51', '26/11/2016', 26),
(2305, 108, 5, 3, 264, 2017, '02:03.75', '13/11/2016', 30),
(2306, 121, 5, 3, 2, 2017, '02:12.21', '26/11/2016', 45),
(2307, 123, 5, 3, 264, 2017, '02:17.54', '11/03/2017', 46),
(2308, 89, 5, 2, 264, 2017, '02:21.59', '11/03/2017', 40),
(2309, 80, 5, 2, 2, 2017, '02:23.20', '26/11/2016', 43),
(2310, 83, 5, 6, 1157, 2017, '02:29.08', '01/04/2017', 30),
(2311, 124, 5, 3, 2, 2017, '02:36.68', '26/11/2016', 51),
(2312, 10, 5, 3, 2, 2017, '02:42.35', '26/11/2016', 54),
(2313, 90, 5, 3, 2, 2017, '02:56.99', '26/11/2016', 62),
(2314, 24, 5, 290, 2, 2017, '03:11.68', '26/11/2016', 24),
(2315, 87, 5, 16, 261, 2017, '01:43.30', '10/12/2016', 7),
(2316, 30, 5, 47, 2, 2017, '02:02.67', '26/11/2016', 1),
(2317, 84, 5, 16, 22, 2017, '02:09.43', '21/05/2017', 26),
(2318, 73, 5, 16, 2, 2017, '02:12.98', '26/11/2016', 31),
(2319, 50, 5, 16, 11, 2017, '02:17.20', '05/03/2017', 37),
(2320, 126, 5, 18, 279, 2017, '02:23.12', '29/01/2017', 22),
(2321, 100, 5, 16, 2, 2017, '02:24.77', '26/11/2016', 50),
(2322, 59, 5, 21, 22, 2017, '02:27.67', '21/05/2017', 22),
(2323, 101, 5, 15, 261, 2017, '02:31.20', '10/12/2016', 44),
(2324, 102, 5, 47, 264, 2017, '02:31.66', '13/11/2016', 10),
(2325, 110, 5, 15, 2, 2017, '02:39.53', '26/11/2016', 47),
(2326, 85, 5, 22, 11, 2017, '02:56.57', '05/03/2017', 27),
(2327, 106, 6, 11, 1157, 2017, '04:03.69', '01/04/2017', 10),
(2328, 130, 6, 3, 261, 2017, '04:06.79', '10/12/2016', 19),
(2329, 108, 6, 3, 264, 2017, '04:09.66', '13/11/2016', 23),
(2330, 91, 6, 3, 279, 2017, '04:12.86', '29/01/2017', 24),
(2331, 89, 6, 2, 264, 2017, '05:01.60', '11/03/2017', 36),
(2332, 83, 6, 6, 2239, 2017, '05:02.53', '17/06/2017', 19),
(2333, 123, 6, 3, 264, 2017, '05:03.54', '13/11/2016', 41),
(2334, 80, 6, 2, 264, 2017, '05:03.94', '13/11/2016', 38),
(2335, 90, 6, 3, 2, 2017, '05:26.02', '26/11/2016', 44),
(2336, 10, 6, 3, 279, 2017, '05:55.83', '29/01/2017', 49),
(2337, 87, 6, 16, 2256, 2017, '03:53.77', '22/01/2017', 12),
(2338, 84, 6, 16, 22, 2017, '04:29.91', '21/05/2017', 24),
(2339, 59, 6, 21, 2239, 2017, '04:57.18', '17/06/2017', 19),
(2340, 126, 6, 18, 279, 2017, '05:02.08', '29/01/2017', 18),
(2341, 100, 6, 16, 2, 2017, '05:07.71', '26/11/2016', 42),
(2342, 101, 6, 15, 261, 2017, '05:14.86', '10/12/2016', 39),
(2343, 50, 6, 16, 11, 2017, '05:18.97', '05/03/2017', 47),
(2344, 106, 7, 11, 2239, 2017, '08:32.83', '17/06/2017', 9),
(2345, 90, 7, 3, 2, 2017, '10:12.68', '26/11/2016', 18),
(2346, 83, 7, 6, 2239, 2017, '10:44.49', '17/06/2017', 21),
(2347, 80, 7, 2, 264, 2017, '10:49.44', '13/11/2016', 20),
(2348, 10, 7, 3, 279, 2017, '12:24.68', '29/01/2017', 23),
(2349, 84, 7, 16, 261, 2017, '09:29.22', '10/12/2016', 17),
(2350, 126, 7, 18, 279, 2017, '10:15.71', '29/01/2017', 15),
(2351, 59, 7, 21, 2239, 2017, '10:27.98', '17/06/2017', 16),
(2352, 102, 7, 47, 264, 2017, '10:28.03', '13/11/2016', 5),
(2353, 100, 7, 16, 2, 2017, '10:42.73', '26/11/2016', 25),
(2354, 50, 7, 16, 264, 2017, '11:43.58', '13/11/2016', 29),
(2355, 106, 8, 11, 1157, 2017, '17:35.77', '01/04/2017', 6),
(2356, 102, 8, 47, 264, 2017, '19:36.59', '13/11/2016', 2),
(2357, 50, 8, 16, 264, 2017, '22:22.61', '13/11/2016', 13),
(2358, 88, 9, 2, 1157, 2017, '00:20.06', '01/04/2017', 8),
(2359, 90, 9, 3, 264, 2017, '00:22.48', '13/11/2016', 34),
(2360, 91, 9, 3, 11, 2017, '00:23.98', '05/03/2017', 39),
(2361, 103, 9, 3, 264, 2017, '00:25.27', '13/11/2016', 46),
(2362, 80, 9, 2, 264, 2017, '00:28.30', '13/11/2016', 37),
(2363, 87, 9, 16, 2073, 2017, '00:17.49', '12/05/2017', 1),
(2364, 100, 9, 16, 2239, 2017, '00:20.91', '17/06/2017', 17),
(2365, 50, 9, 16, 2239, 2017, '00:23.12', '17/06/2017', 27),
(2366, 101, 9, 15, 264, 2017, '00:24.79', '13/11/2016', 48),
(2367, 102, 9, 47, 264, 2017, '00:24.80', '13/11/2016', 1),
(2368, 125, 9, 13, 264, 2017, '00:37.20', '13/11/2016', 76),
(2369, 91, 10, 3, 279, 2017, '00:52.22', '29/01/2017', 18),
(2370, 106, 10, 11, 11, 2017, '00:55.63', '05/03/2017', 16),
(2371, 90, 10, 3, 2, 2017, '00:56.62', '26/11/2016', 24),
(2372, 130, 10, 3, 264, 2017, '00:59.51', '13/11/2016', 27),
(2373, 83, 10, 6, 2239, 2017, '01:08.17', '17/06/2017', 23),
(2374, 100, 10, 16, 11, 2017, '00:54.54', '05/03/2017', 11),
(2375, 125, 10, 13, 279, 2017, '01:09.88', '29/01/2017', 36),
(2376, 127, 10, 13, 279, 2017, '01:13.74', '29/01/2017', 37),
(2377, 59, 10, 21, 2239, 2017, '01:21.54', '17/06/2017', 30),
(2378, 50, 10, 16, 2, 2017, '01:24.77', '26/11/2016', 25),
(2379, 91, 13, 3, 261, 2017, '04:09.24', '10/12/2016', 11),
(2380, 130, 13, 3, 264, 2017, '04:18.23', '13/11/2016', 13),
(2381, 106, 13, 11, 2, 2017, '04:28.48', '26/11/2016', 7),
(2382, 100, 13, 16, 261, 2017, '05:17.24', '10/12/2016', 7),
(2383, 88, 14, 2, 264, 2017, '00:25.50', '11/03/2017', 5),
(2384, 90, 14, 3, 2, 2017, '00:25.62', '26/11/2016', 17),
(2385, 89, 14, 2, 264, 2017, '00:27.02', '11/03/2017', 15),
(2386, 106, 14, 11, 22, 2017, '00:27.99', '21/05/2017', 30),
(2387, 83, 14, 6, 22, 2017, '00:28.06', '21/05/2017', 11),
(2388, 80, 14, 2, 2256, 2017, '00:28.38', '22/01/2017', 29),
(2389, 122, 14, 3, 279, 2017, '00:28.94', '29/01/2017', 50),
(2390, 121, 14, 3, 2, 2017, '00:29.48', '26/11/2016', 55),
(2391, 124, 14, 3, 279, 2017, '00:29.69', '29/01/2017', 58),
(2392, 27, 14, 1, 279, 2017, '00:29.99', '29/01/2017', 6),
(2393, 123, 14, 3, 11, 2017, '00:31.06', '05/03/2017', 65),
(2394, 24, 14, 290, 264, 2017, '00:34.31', '11/03/2017', 10),
(2395, 93, 14, 6, 264, 2017, '00:36.70', '11/03/2017', 79),
(2396, 87, 14, 16, 2073, 2017, '00:22.01', '12/05/2017', 1),
(2397, 76, 14, 15, 2239, 2017, '00:24.08', '17/06/2017', 35),
(2398, 120, 14, 13, 279, 2017, '00:24.41', '29/01/2017', 60),
(2399, 73, 14, 16, 2239, 2017, '00:24.89', '17/06/2017', 19),
(2400, 118, 14, 13, 279, 2017, '00:24.96', '29/01/2017', 65),
(2401, 100, 14, 16, 11, 2017, '00:24.96', '05/03/2017', 20),
(2402, 110, 14, 15, 22, 2017, '00:25.51', '21/05/2017', 50),
(2403, 50, 14, 16, 2239, 2017, '00:25.69', '17/06/2017', 28),
(2404, 30, 14, 47, 279, 2017, '00:26.19', '29/01/2017', 2),
(2405, 125, 14, 13, 11, 2017, '00:26.31', '05/03/2017', 75),
(2406, 101, 14, 15, 264, 2017, '00:26.59', '11/03/2017', 56),
(2407, 61, 14, 16, 279, 2017, '00:27.84', '29/01/2017', 45),
(2408, 102, 14, 47, 11, 2017, '00:27.99', '05/03/2017', 6),
(2409, 128, 14, 47, 279, 2017, '00:28.05', '29/01/2017', 8),
(2410, 127, 14, 13, 2, 2017, '00:28.84', '26/11/2016', 79),
(2411, 84, 14, 16, 2256, 2017, '00:29.13', '22/01/2017', 56),
(2412, 59, 14, 21, 11, 2017, '00:29.13', '05/03/2017', 19),
(2413, 85, 14, 22, 264, 2017, '00:33.12', '11/03/2017', 17),
(2414, 129, 14, 2265, 279, 2017, '00:53.88', '29/01/2017', 18),
(2415, 88, 15, 2, 264, 2017, '00:55.88', '11/03/2017', 5),
(2416, 90, 15, 3, 2, 2017, '00:57.49', '26/11/2016', 21),
(2417, 89, 15, 2, 2239, 2017, '01:00.82', '17/06/2017', 18),
(2418, 106, 15, 11, 264, 2017, '01:01.96', '11/03/2017', 32),
(2419, 80, 15, 2, 2239, 2017, '01:03.85', '17/06/2017', 30),
(2420, 121, 15, 3, 2, 2017, '01:03.95', '26/11/2016', 46),
(2421, 122, 15, 3, 264, 2017, '01:04.85', '11/03/2017', 50),
(2422, 124, 15, 3, 279, 2017, '01:06.61', '29/01/2017', 54),
(2423, 103, 15, 3, 264, 2017, '01:06.71', '13/11/2016', 56),
(2424, 27, 15, 1, 279, 2017, '01:07.15', '29/01/2017', 4),
(2425, 83, 15, 6, 264, 2017, '01:07.36', '11/03/2017', 15),
(2426, 123, 15, 3, 11, 2017, '01:09.30', '05/03/2017', 59),
(2427, 24, 15, 290, 264, 2017, '01:26.01', '11/03/2017', 19),
(2428, 10, 15, 3, 279, 2017, '01:27.17', '29/01/2017', 74),
(2429, 93, 15, 6, 11, 2017, '01:29.66', '05/03/2017', 76),
(2430, 87, 15, 16, 2, 2017, '00:51.77', '26/11/2016', 5),
(2431, 76, 15, 15, 2239, 2017, '00:52.96', '17/06/2017', 25),
(2432, 100, 15, 16, 2239, 2017, '00:55.83', '17/06/2017', 19),
(2433, 30, 15, 47, 261, 2017, '00:56.24', '10/12/2016', 1),
(2434, 73, 15, 16, 22, 2017, '00:56.65', '21/05/2017', 20),
(2435, 110, 15, 15, 11, 2017, '00:56.87', '05/03/2017', 43),
(2436, 50, 15, 16, 11, 2017, '00:59.09', '05/03/2017', 30),
(2437, 125, 15, 13, 11, 2017, '00:59.59', '05/03/2017', 73),
(2438, 120, 15, 13, 279, 2017, '01:01.47', '29/01/2017', 76),
(2439, 102, 15, 47, 11, 2017, '01:01.49', '05/03/2017', 4),
(2440, 61, 15, 16, 279, 2017, '01:02.95', '29/01/2017', 43),
(2441, 101, 15, 15, 2, 2017, '01:05.67', '26/11/2016', 58),
(2442, 59, 15, 21, 22, 2017, '01:05.86', '21/05/2017', 13),
(2443, 131, 15, 13, 279, 2017, '01:06.27', '29/01/2017', 80),
(2444, 84, 15, 16, 11, 2017, '01:06.50', '05/03/2017', 52),
(2445, 127, 15, 13, 2, 2017, '01:11.06', '26/11/2016', 82),
(2446, 85, 15, 22, 11, 2017, '01:14.60', '05/03/2017', 13),
(2447, 90, 16, 3, 261, 2017, '02:01.56', '10/12/2016', 11),
(2448, 88, 16, 2, 2073, 2017, '02:04.55', '12/05/2017', 3),
(2449, 106, 16, 11, 279, 2017, '02:16.38', '29/01/2017', 25),
(2450, 89, 16, 2, 2239, 2017, '02:17.63', '17/06/2017', 16),
(2451, 122, 16, 3, 279, 2017, '02:20.06', '29/01/2017', 28),
(2452, 103, 16, 3, 264, 2017, '02:20.68', '13/11/2016', 30),
(2453, 124, 16, 3, 279, 2017, '02:20.82', '29/01/2017', 31),
(2454, 80, 16, 2, 22, 2017, '02:26.16', '21/05/2017', 33),
(2455, 27, 16, 1, 279, 2017, '02:31.57', '29/01/2017', 5),
(2456, 123, 16, 3, 11, 2017, '02:32.72', '05/03/2017', 40),
(2457, 83, 16, 6, 11, 2017, '02:42.84', '05/03/2017', 23),
(2458, 93, 16, 6, 22, 2017, '02:51.40', '21/05/2017', 38),
(2459, 10, 16, 3, 279, 2017, '02:58.65', '29/01/2017', 48),
(2460, 24, 16, 290, 264, 2017, '03:15.93', '13/11/2016', 16),
(2461, 87, 16, 16, 279, 2017, '01:56.33', '29/01/2017', 4),
(2462, 30, 16, 47, 261, 2017, '01:59.65', '10/12/2016', 1),
(2463, 76, 16, 15, 2239, 2017, '02:02.19', '17/06/2017', 23),
(2464, 73, 16, 16, 2239, 2017, '02:03.94', '17/06/2017', 17),
(2465, 120, 16, 13, 279, 2017, '02:06.52', '29/01/2017', 38),
(2466, 110, 16, 15, 279, 2017, '02:08.89', '29/01/2017', 35),
(2467, 100, 16, 16, 11, 2017, '02:13.55', '05/03/2017', 26),
(2468, 50, 16, 16, 22, 2017, '02:13.56', '21/05/2017', 27),
(2469, 61, 16, 16, 279, 2017, '02:14.27', '29/01/2017', 28),
(2470, 102, 16, 47, 264, 2017, '02:15.78', '13/11/2016', 2),
(2471, 125, 16, 13, 264, 2017, '02:16.79', '11/03/2017', 46),
(2472, 131, 16, 13, 279, 2017, '02:21.05', '29/01/2017', 48),
(2473, 59, 16, 21, 264, 2017, '02:24.87', '11/03/2017', 6),
(2474, 101, 16, 15, 2256, 2017, '02:24.90', '22/01/2017', 44),
(2475, 84, 16, 16, 11, 2017, '02:31.00', '05/03/2017', 49),
(2476, 127, 16, 13, 279, 2017, '02:42.49', '29/01/2017', 51),
(2477, 85, 16, 22, 264, 2017, '02:43.41', '11/03/2017', 11),
(2478, 106, 17, 11, 279, 2017, '04:11.67', '29/01/2017', 4),
(2479, 88, 17, 2, 264, 2017, '04:27.36', '11/03/2017', 2),
(2480, 90, 17, 3, 279, 2017, '04:36.55', '29/01/2017', 11),
(2481, 124, 17, 3, 279, 2017, '05:02.86', '29/01/2017', 18),
(2482, 89, 17, 2, 2256, 2017, '05:12.27', '22/01/2017', 11),
(2483, 80, 17, 2, 2256, 2017, '05:12.97', '22/01/2017', 12),
(2484, 83, 17, 6, 279, 2017, '05:50.51', '29/01/2017', 12),
(2485, 10, 17, 3, 279, 2017, '06:16.14', '29/01/2017', 21),
(2486, 30, 17, 47, 279, 2017, '04:14.77', '29/01/2017', 1),
(2487, 87, 17, 16, 279, 2017, '04:17.44', '29/01/2017', 4),
(2488, 73, 17, 16, 279, 2017, '04:42.74', '29/01/2017', 15),
(2489, 102, 17, 47, 279, 2017, '04:47.27', '29/01/2017', 2),
(2490, 131, 17, 13, 279, 2017, '04:51.14', '29/01/2017', 24),
(2491, 76, 17, 15, 264, 2017, '04:54.15', '11/03/2017', 23),
(2492, 110, 17, 15, 264, 2017, '04:54.70', '11/03/2017', 24),
(2493, 50, 17, 16, 279, 2017, '04:55.83', '29/01/2017', 19),
(2494, 100, 17, 16, 2256, 2017, '05:03.83', '22/01/2017', 23),
(2495, 101, 17, 15, 2256, 2017, '05:10.63', '22/01/2017', 26),
(2496, 59, 17, 21, 264, 2017, '05:17.07', '11/03/2017', 4),
(2497, 90, 1, 3, 261, 2016, '00:22.60', '12/03/2016', 21),
(2498, 132, 1, 3, 12, 2016, '00:22.64', '31/01/2016', 22),
(2499, 91, 1, 3, 279, 2016, '00:24.07', '06/12/2015', 37),
(2500, 130, 1, 3, 261, 2016, '00:24.16', '12/03/2016', 38),
(2501, 88, 1, 2, 2501, 2016, '00:24.19', '11/06/2016', 17),
(2502, 133, 1, 3, 279, 2016, '00:25.34', '06/12/2015', 45),
(2503, 106, 1, 2, 261, 2016, '00:25.92', '12/03/2016', 32),
(2504, 123, 1, 3, 12, 2016, '00:26.58', '31/01/2016', 49),
(2505, 27, 1, 1, 279, 2016, '00:29.24', '06/12/2015', 4),
(2506, 89, 1, 2, 279, 2016, '00:29.30', '06/12/2015', 52),
(2507, 80, 1, 6, 261, 2016, '00:29.73', '12/03/2016', 44),
(2508, 134, 1, 11, 33, 2016, '00:29.95', '08/11/2015', 51),
(2509, 135, 1, 11, 279, 2016, '00:30.21', '06/12/2015', 53),
(2510, 83, 1, 6, 264, 2016, '00:30.27', '27/03/2016', 50),
(2511, 136, 1, 2, 279, 2016, '00:31.59', '06/12/2015', 63),
(2512, 24, 1, 290, 264, 2016, '00:35.77', '27/03/2016', 25),
(2513, 137, 1, 13, 279, 2016, '00:20.82', '06/12/2015', 52),
(2514, 87, 1, 21, 261, 2016, '00:21.01', '12/03/2016', 1),
(2515, 120, 1, 13, 12, 2016, '00:21.19', '31/01/2016', 56),
(2516, 113, 1, 13, 279, 2016, '00:21.52', '06/12/2015', 61),
(2517, 138, 1, 13, 279, 2016, '00:23.17', '06/12/2015', 76),
(2518, 139, 1, 13, 279, 2016, '00:23.29', '06/12/2015', 78),
(2519, 74, 1, 13, 11, 2016, '00:23.91', '07/02/2016', 83),
(2520, 84, 1, 21, 12, 2016, '00:26.69', '31/01/2016', 13),
(2521, 50, 1, 21, 2501, 2016, '00:27.06', '11/06/2016', 15),
(2522, 73, 1, 16, 12, 2016, '00:27.26', '31/01/2016', 49),
(2523, 76, 1, 16, 261, 2016, '00:27.31', '12/03/2016', 50),
(2524, 102, 1, 47, 261, 2016, '00:27.44', '12/03/2016', 5),
(2525, 125, 1, 15, 12, 2016, '00:27.69', '31/01/2016', 43),
(2526, 100, 1, 16, 261, 2016, '00:28.45', '12/03/2016', 61),
(2527, 126, 1, 18, 279, 2016, '00:28.58', '06/12/2015', 25),
(2528, 127, 1, 13, 11, 2016, '00:30.01', '07/02/2016', 104),
(2529, 112, 1, 49, 11, 2016, '00:33.31', '07/02/2016', 29),
(2530, 140, 1, 18, 11, 2016, '00:33.99', '07/02/2016', 32),
(2531, 90, 4, 3, 2531, 2016, '00:48.85', '12/12/2015', 21),
(2532, 130, 4, 3, 2532, 2016, '00:51.18', '13/05/2016', 31),
(2533, 88, 4, 2, 2501, 2016, '00:51.86', '11/06/2016', 14),
(2534, 91, 4, 3, 279, 2016, '00:51.91', '06/12/2015', 34),
(2535, 108, 4, 3, 2, 2016, '00:52.79', '28/11/2015', 38),
(2536, 133, 4, 3, 279, 2016, '00:55.78', '06/12/2015', 45),
(2537, 106, 4, 2, 261, 2016, '00:56.25', '12/03/2016', 26),
(2538, 123, 4, 3, 2, 2016, '01:01.32', '28/11/2015', 59),
(2539, 27, 4, 1, 279, 2016, '01:04.51', '06/12/2015', 4),
(2540, 89, 4, 2, 261, 2016, '01:05.42', '12/03/2016', 50),
(2541, 135, 4, 11, 2, 2016, '01:07.23', '28/11/2015', 51),
(2542, 80, 4, 6, 2076, 2016, '01:08.95', '17/01/2016', 41),
(2543, 136, 4, 2, 279, 2016, '01:10.70', '06/12/2015', 58),
(2544, 83, 4, 6, 279, 2016, '01:13.69', '06/12/2015', 55),
(2545, 24, 4, 290, 264, 2016, '01:24.74', '27/03/2016', 28),
(2546, 137, 4, 13, 279, 2016, '00:45.26', '06/12/2015', 45),
(2547, 87, 4, 21, 261, 2016, '00:46.77', '12/03/2016', 1),
(2548, 113, 4, 13, 2532, 2016, '00:47.04', '13/05/2016', 57),
(2549, 120, 4, 13, 2549, 2016, '00:49.80', '23/01/2016', 70),
(2550, 74, 4, 13, 279, 2016, '00:50.03', '06/12/2015', 71),
(2551, 138, 4, 13, 2, 2016, '00:51.94', '28/11/2015', 82),
(2552, 139, 4, 13, 279, 2016, '00:52.42', '06/12/2015', 84),
(2553, 30, 4, 18, 279, 2016, '00:55.88', '06/12/2015', 10),
(2554, 84, 4, 21, 261, 2016, '01:00.52', '12/03/2016', 13),
(2555, 102, 4, 47, 261, 2016, '01:00.64', '12/03/2016', 4),
(2556, 76, 4, 16, 261, 2016, '01:03.34', '12/03/2016', 49),
(2557, 50, 4, 21, 261, 2016, '01:05.73', '12/03/2016', 21),
(2558, 73, 4, 16, 2076, 2016, '01:05.93', '17/01/2016', 56),
(2559, 100, 4, 16, 261, 2016, '01:07.11', '12/03/2016', 61),
(2560, 125, 4, 15, 12, 2016, '01:10.92', '31/01/2016', 46),
(2561, 91, 5, 3, 2, 2016, '01:47.44', '28/11/2015', 15),
(2562, 130, 5, 3, 261, 2016, '01:51.66', '12/03/2016', 20),
(2563, 90, 5, 3, 2549, 2016, '01:53.02', '23/01/2016', 22),
(2564, 108, 5, 3, 2531, 2016, '01:53.52', '12/12/2015', 25),
(2565, 106, 5, 2, 261, 2016, '01:58.06', '12/03/2016', 18),
(2566, 88, 5, 2, 12, 2016, '02:14.21', '31/01/2016', 34),
(2567, 123, 5, 3, 12, 2016, '02:23.50', '31/01/2016', 56),
(2568, 80, 5, 6, 2076, 2016, '02:35.16', '17/01/2016', 39),
(2569, 89, 5, 2, 12, 2016, '02:36.27', '31/01/2016', 49),
(2570, 83, 5, 6, 12, 2016, '02:40.80', '31/01/2016', 50),
(2571, 135, 5, 11, 2, 2016, '02:45.63', '28/11/2015', 51),
(2572, 136, 5, 2, 2, 2016, '02:55.58', '28/11/2015', 61),
(2573, 24, 5, 290, 12, 2016, '03:17.33', '31/01/2016', 26),
(2574, 137, 5, 13, 2531, 2016, '01:41.25', '12/12/2015', 35),
(2575, 74, 5, 13, 2532, 2016, '01:43.59', '13/05/2016', 37),
(2576, 113, 5, 13, 261, 2016, '01:49.09', '12/03/2016', 49),
(2577, 87, 5, 21, 261, 2016, '01:52.92', '12/03/2016', 1),
(2578, 120, 5, 13, 261, 2016, '01:56.30', '12/03/2016', 63),
(2579, 30, 5, 18, 12, 2016, '01:59.48', '31/01/2016', 3),
(2580, 138, 5, 13, 12, 2016, '02:03.63', '31/01/2016', 73),
(2581, 84, 5, 21, 261, 2016, '02:16.62', '12/03/2016', 14),
(2582, 73, 5, 16, 12, 2016, '02:23.93', '31/01/2016', 42),
(2583, 102, 5, 47, 12, 2016, '02:26.92', '31/01/2016', 6),
(2584, 76, 5, 16, 12, 2016, '02:28.57', '31/01/2016', 51),
(2585, 50, 5, 21, 11, 2016, '02:30.15', '07/02/2016', 23),
(2586, 100, 5, 16, 261, 2016, '02:30.52', '12/03/2016', 56),
(2587, 125, 5, 15, 12, 2016, '02:30.57', '31/01/2016', 39),
(2588, 130, 6, 3, 261, 2016, '04:00.13', '12/03/2016', 16),
(2589, 91, 6, 3, 2, 2016, '04:02.02', '28/11/2015', 18),
(2590, 108, 6, 3, 2531, 2016, '04:02.51', '12/12/2015', 19),
(2591, 106, 6, 2, 2501, 2016, '04:23.10', '11/06/2016', 18),
(2592, 88, 6, 2, 2, 2016, '05:07.16', '28/11/2015', 37),
(2593, 123, 6, 3, 2, 2016, '05:18.64', '28/11/2015', 50),
(2594, 89, 6, 2, 11, 2016, '05:26.74', '07/02/2016', 44),
(2595, 135, 6, 11, 2, 2016, '05:39.35', '28/11/2015', 42),
(2596, 80, 6, 6, 264, 2016, '05:49.55', '27/03/2016', 47),
(2597, 83, 6, 6, 264, 2016, '05:57.51', '27/03/2016', 54),
(2598, 136, 6, 2, 2, 2016, '06:02.73', '28/11/2015', 54),
(2599, 137, 6, 13, 2531, 2016, '03:39.49', '12/12/2015', 21),
(2600, 74, 6, 13, 2532, 2016, '03:41.43', '13/05/2016', 23),
(2601, 113, 6, 13, 261, 2016, '04:04.12', '12/03/2016', 47),
(2602, 87, 6, 21, 2501, 2016, '04:15.92', '11/06/2016', 4),
(2603, 120, 6, 13, 12, 2016, '04:35.96', '31/01/2016', 64),
(2604, 138, 6, 13, 2, 2016, '04:38.83', '28/11/2015', 66),
(2605, 84, 6, 21, 2501, 2016, '04:47.93', '11/06/2016', 16),
(2606, 102, 6, 47, 2, 2016, '04:58.44', '28/11/2015', 4),
(2607, 50, 6, 21, 261, 2016, '05:18.04', '12/03/2016', 23),
(2608, 73, 6, 16, 2, 2016, '05:33.71', '28/11/2015', 52),
(2609, 100, 6, 16, 33, 2016, '05:45.51', '08/11/2015', 56),
(2610, 130, 7, 3, 261, 2016, '08:22.22', '12/03/2016', 9),
(2611, 91, 7, 3, 12, 2016, '08:33.18', '31/01/2016', 11),
(2612, 106, 7, 2, 2076, 2016, '09:38.36', '17/01/2016', 16),
(2613, 88, 7, 2, 2076, 2016, '11:02.40', '17/01/2016', 30),
(2614, 89, 7, 2, 2076, 2016, '12:02.26', '17/01/2016', 35),
(2615, 83, 7, 6, 2076, 2016, '13:47.86', '17/01/2016', 49),
(2616, 74, 7, 13, 261, 2016, '07:42.23', '12/03/2016', 15),
(2617, 113, 7, 13, 12, 2016, '08:47.00', '31/01/2016', 30),
(2618, 87, 7, 21, 2501, 2016, '08:56.81', '11/06/2016', 4),
(2619, 120, 7, 13, 12, 2016, '09:22.71', '31/01/2016', 34),
(2620, 102, 7, 47, 12, 2016, '10:08.32', '31/01/2016', 3),
(2621, 84, 7, 21, 12, 2016, '10:12.54', '31/01/2016', 15),
(2622, 50, 7, 21, 12, 2016, '11:03.21', '31/01/2016', 21),
(2623, 74, 8, 13, 2532, 2016, '14:57.57', '13/05/2016', 8),
(2624, 132, 9, 3, 12, 2016, '00:19.99', '31/01/2016', 22),
(2625, 88, 9, 2, 2501, 2016, '00:21.46', '11/06/2016', 9),
(2626, 133, 9, 3, 2531, 2016, '00:23.08', '12/12/2015', 41),
(2627, 91, 9, 3, 279, 2016, '00:23.44', '06/12/2015', 43),
(2628, 90, 9, 3, 2, 2016, '00:23.70', '28/11/2015', 45),
(2629, 108, 9, 3, 279, 2016, '00:24.09', '06/12/2015', 48),
(2630, 106, 9, 2, 279, 2016, '00:27.60', '06/12/2015', 39),
(2631, 89, 9, 2, 12, 2016, '00:29.00', '31/01/2016', 41),
(2632, 27, 9, 1, 279, 2016, '00:29.28', '06/12/2015', 2),
(2633, 135, 9, 11, 2076, 2016, '00:31.57', '17/01/2016', 43),
(2634, 137, 9, 13, 261, 2016, '00:18.85', '12/03/2016', 40),
(2635, 113, 9, 13, 261, 2016, '00:19.87', '12/03/2016', 56),
(2636, 138, 9, 13, 12, 2016, '00:22.47', '31/01/2016', 79),
(2637, 102, 9, 47, 261, 2016, '00:26.37', '12/03/2016', 5),
(2638, 74, 9, 13, 279, 2016, '00:26.71', '06/12/2015', 86),
(2639, 100, 9, 16, 2, 2016, '00:28.38', '28/11/2015', 45),
(2640, 127, 9, 13, 12, 2016, '00:28.97', '31/01/2016', 89),
(2641, 91, 10, 3, 261, 2016, '00:47.03', '12/03/2016', 10),
(2642, 130, 10, 3, 2532, 2016, '00:49.09', '13/05/2016', 13),
(2643, 108, 10, 3, 279, 2016, '00:54.12', '06/12/2015', 21),
(2644, 106, 10, 2, 2501, 2016, '00:58.90', '11/06/2016', 14),
(2645, 123, 10, 3, 12, 2016, '01:01.25', '31/01/2016', 27),
(2646, 83, 10, 6, 12, 2016, '01:22.92', '31/01/2016', 41),
(2647, 74, 10, 13, 11, 2016, '00:51.64', '07/02/2016', 37),
(2648, 87, 10, 21, 264, 2016, '00:53.36', '27/03/2016', 4),
(2649, 113, 10, 13, 279, 2016, '00:55.03', '06/12/2015', 41),
(2650, 120, 10, 13, 2531, 2016, '01:02.80', '12/12/2015', 45),
(2651, 100, 10, 16, 12, 2016, '01:12.49', '31/01/2016', 34),
(2652, 84, 10, 21, 12, 2016, '01:12.53', '31/01/2016', 21),
(2653, 50, 10, 21, 261, 2016, '01:17.13', '12/03/2016', 25),
(2654, 91, 13, 3, 261, 2016, '03:54.54', '12/03/2016', 8),
(2655, 130, 13, 3, 2532, 2016, '03:58.27', '13/05/2016', 9),
(2656, 74, 13, 13, 261, 2016, '03:59.59', '12/03/2016', 23),
(2657, 120, 13, 13, 2531, 2016, '04:51.18', '12/12/2015', 27),
(2658, 132, 14, 3, 261, 2016, '00:24.47', '12/03/2016', 10),
(2659, 90, 14, 3, 261, 2016, '00:25.13', '12/03/2016', 13),
(2660, 88, 14, 2, 2501, 2016, '00:25.29', '11/06/2016', 5),
(2661, 89, 14, 2, 2501, 2016, '00:27.21', '11/06/2016', 16),
(2662, 106, 14, 2, 279, 2016, '00:27.34', '06/12/2015', 17),
(2663, 130, 14, 3, 279, 2016, '00:29.24', '06/12/2015', 51),
(2664, 134, 14, 11, 33, 2016, '00:29.34', '08/11/2015', 43),
(2665, 27, 14, 1, 279, 2016, '00:29.52', '06/12/2015', 5),
(2666, 135, 14, 11, 279, 2016, '00:30.16', '06/12/2015', 49),
(2667, 141, 14, 3, 279, 2016, '00:30.32', '06/12/2015', 59),
(2668, 142, 14, 1, 279, 2016, '00:30.45', '06/12/2015', 6),
(2669, 123, 14, 3, 12, 2016, '00:30.55', '31/01/2016', 62),
(2670, 83, 14, 6, 264, 2016, '00:31.16', '27/03/2016', 40),
(2671, 80, 14, 6, 261, 2016, '00:31.62', '12/03/2016', 45),
(2672, 136, 14, 2, 279, 2016, '00:34.17', '06/12/2015', 66),
(2673, 143, 14, 10, 279, 2016, '00:36.27', '06/12/2015', 32),
(2674, 24, 14, 290, 264, 2016, '00:38.69', '27/03/2016', 33),
(2675, 144, 14, 1, 279, 2016, '00:41.02', '06/12/2015', 23),
(2676, 113, 14, 13, 261, 2016, '00:23.03', '12/03/2016', 43),
(2677, 137, 14, 13, 279, 2016, '00:23.17', '06/12/2015', 47),
(2678, 87, 14, 21, 2501, 2016, '00:23.70', '11/06/2016', 2),
(2679, 139, 14, 13, 11, 2016, '00:23.77', '07/02/2016', 59),
(2680, 120, 14, 13, 12, 2016, '00:24.38', '31/01/2016', 71),
(2681, 30, 14, 18, 12, 2016, '00:25.48', '31/01/2016', 4),
(2682, 138, 14, 13, 12, 2016, '00:25.54', '31/01/2016', 82),
(2683, 100, 14, 16, 2501, 2016, '00:25.83', '11/06/2016', 27),
(2684, 76, 14, 16, 2501, 2016, '00:26.75', '11/06/2016', 38),
(2685, 102, 14, 47, 261, 2016, '00:27.26', '12/03/2016', 2),
(2686, 73, 14, 16, 264, 2016, '00:27.41', '27/03/2016', 48),
(2687, 50, 14, 21, 2501, 2016, '00:27.43', '11/06/2016', 12),
(2688, 125, 14, 15, 12, 2016, '00:28.22', '31/01/2016', 48),
(2689, 127, 14, 13, 12, 2016, '00:28.64', '31/01/2016', 100),
(2690, 128, 14, 47, 279, 2016, '00:29.14', '06/12/2015', 5),
(2691, 84, 14, 21, 2501, 2016, '00:29.94', '11/06/2016', 24),
(2692, 112, 14, 49, 11, 2016, '00:31.98', '07/02/2016', 28),
(2693, 132, 15, 3, 2073, 2016, '00:54.21', '15/04/2016', 11),
(2694, 90, 15, 3, 261, 2016, '00:54.58', '12/03/2016', 12),
(2695, 88, 15, 2, 261, 2016, '00:57.53', '12/03/2016', 8),
(2696, 89, 15, 2, 2501, 2016, '01:03.46', '11/06/2016', 25),
(2697, 106, 15, 2, 279, 2016, '01:03.92', '06/12/2015', 28),
(2698, 27, 15, 1, 279, 2016, '01:04.77', '06/12/2015', 3),
(2699, 133, 15, 3, 279, 2016, '01:05.61', '06/12/2015', 45),
(2700, 135, 15, 11, 279, 2016, '01:06.81', '06/12/2015', 45),
(2701, 141, 15, 3, 279, 2016, '01:06.98', '06/12/2015', 52),
(2702, 134, 15, 11, 12, 2016, '01:07.38', '31/01/2016', 47),
(2703, 123, 15, 3, 279, 2016, '01:07.90', '06/12/2015', 55),
(2704, 142, 15, 1, 279, 2016, '01:09.45', '06/12/2015', 8),
(2705, 83, 15, 6, 12, 2016, '01:11.48', '31/01/2016', 35),
(2706, 80, 15, 6, 264, 2016, '01:11.73', '27/03/2016', 36),
(2707, 136, 15, 2, 2, 2016, '01:19.38', '28/11/2015', 64),
(2708, 24, 15, 290, 12, 2016, '01:28.92', '31/01/2016', 28),
(2709, 137, 15, 13, 279, 2016, '00:50.76', '06/12/2015', 27),
(2710, 113, 15, 13, 279, 2016, '00:51.23', '06/12/2015', 33),
(2711, 139, 15, 13, 279, 2016, '00:53.31', '06/12/2015', 50),
(2712, 120, 15, 13, 2549, 2016, '00:53.87', '23/01/2016', 54),
(2713, 30, 15, 18, 279, 2016, '00:54.03', '06/12/2015', 1),
(2714, 87, 15, 21, 11, 2016, '00:54.83', '07/02/2016', 2),
(2715, 138, 15, 13, 12, 2016, '00:57.95', '31/01/2016', 70),
(2716, 100, 15, 16, 2501, 2016, '00:58.19', '11/06/2016', 26),
(2717, 76, 15, 16, 2501, 2016, '01:00.48', '11/06/2016', 40),
(2718, 102, 15, 47, 261, 2016, '01:00.94', '12/03/2016', 1),
(2719, 73, 15, 16, 11, 2016, '01:01.75', '07/02/2016', 43),
(2720, 125, 15, 15, 12, 2016, '01:04.79', '31/01/2016', 41),
(2721, 50, 15, 21, 11, 2016, '01:05.11', '07/02/2016', 11),
(2722, 127, 15, 13, 12, 2016, '01:06.20', '31/01/2016', 86),
(2723, 145, 15, 18, 279, 2016, '01:14.38', '06/12/2015', 31),
(2724, 112, 15, 49, 11, 2016, '01:15.06', '07/02/2016', 28),
(2725, 84, 15, 21, 2, 2016, '01:15.90', '28/11/2015', 41),
(2726, 132, 16, 3, 2073, 2016, '01:59.47', '15/04/2016', 8),
(2727, 90, 16, 3, 2532, 2016, '01:59.64', '13/05/2016', 10),
(2728, 88, 16, 2, 2501, 2016, '02:09.37', '11/06/2016', 8),
(2729, 106, 16, 2, 2501, 2016, '02:11.83', '11/06/2016', 10),
(2730, 89, 16, 2, 2501, 2016, '02:20.37', '11/06/2016', 17),
(2731, 135, 16, 11, 264, 2016, '02:34.82', '27/03/2016', 39),
(2732, 80, 16, 6, 261, 2016, '02:37.33', '12/03/2016', 15),
(2733, 123, 16, 3, 2, 2016, '02:41.31', '28/11/2015', 42),
(2734, 83, 16, 6, 261, 2016, '02:44.84', '12/03/2016', 21),
(2735, 136, 16, 2, 2, 2016, '02:49.50', '28/11/2015', 45),
(2736, 24, 16, 290, 11, 2016, '03:23.24', '07/02/2016', 21),
(2737, 113, 16, 13, 2532, 2016, '01:53.14', '13/05/2016', 20),
(2738, 139, 16, 13, 261, 2016, '01:57.71', '12/03/2016', 30),
(2739, 30, 16, 18, 261, 2016, '01:59.19', '12/03/2016', 1),
(2740, 87, 16, 21, 2076, 2016, '02:01.77', '17/01/2016', 1),
(2741, 120, 16, 13, 11, 2016, '02:06.88', '07/02/2016', 44),
(2742, 102, 16, 47, 261, 2016, '02:13.60', '12/03/2016', 1),
(2743, 138, 16, 13, 2, 2016, '02:16.72', '28/11/2015', 53),
(2744, 73, 16, 16, 11, 2016, '02:21.49', '07/02/2016', 29),
(2745, 50, 16, 21, 261, 2016, '02:23.49', '12/03/2016', 7),
(2746, 100, 16, 16, 261, 2016, '02:25.85', '12/03/2016', 36),
(2747, 76, 16, 16, 11, 2016, '02:35.22', '07/02/2016', 47),
(2748, 127, 16, 13, 11, 2016, '02:37.41', '07/02/2016', 59),
(2749, 84, 16, 21, 2, 2016, '02:42.41', '28/11/2015', 17),
(2750, 112, 16, 49, 11, 2016, '03:12.18', '07/02/2016', 17),
(3623, 36, 16, 3, 1033, 2024, '01:56.77', '02/05/2024', 10),
(3624, 37, 16, 3, 261, 2024, '02:03.94', '06/04/2024', 18),
(3625, 1, 16, 10, 12, 2024, '02:05.30', '15/06/2024', 1),
(3626, 2, 16, 2, 1033, 2024, '02:12.07', '02/05/2024', 7),
(3627, 26, 16, 11, 261, 2024, '02:17.35', '06/04/2024', 9),
(3628, 12, 16, 10, 1021, 2024, '02:21.26', '17/03/2024', 5),
(3629, 65, 16, 11, 967, 2024, '02:23.29', '26/11/2023', 18),
(3630, 66, 16, 11, 264, 2024, '02:27.15', '15/10/2023', 21),
(3631, 58, 16, 2, 261, 2024, '02:30.07', '06/04/2024', 23),
(3632, 67, 16, 3, 2, 2024, '02:45.62', '10/02/2024', 61),
(3633, 6, 16, 290, 1021, 2024, '02:47.16', '17/03/2024', 2),
(3634, 34, 16, 1, 264, 2024, '02:49.45', '15/10/2023', 19),
(3635, 28, 16, 31, 12, 2024, '03:03.09', '15/06/2024', 14),
(3636, 29, 16, 1, 264, 2024, '03:17.15', '15/10/2023', 26),
(3651, 36, 17, 3, 1033, 2024, '04:10.09', '02/05/2024', 6),
(3652, 37, 17, 3, 261, 2024, '04:26.46', '06/04/2024', 17),
(3653, 1, 17, 10, 12, 2024, '04:28.03', '15/06/2024', 1),
(3654, 2, 17, 2, 261, 2024, '04:41.57', '06/04/2024', 4),
(3655, 26, 17, 11, 261, 2024, '04:52.33', '06/04/2024', 9),
(3656, 12, 17, 10, 2, 2024, '04:55.07', '10/02/2024', 4),
(3657, 65, 17, 11, 264, 2024, '05:24.66', '15/10/2023', 18),
(3658, 58, 17, 2, 261, 2024, '05:29.13', '06/04/2024', 24),
(3659, 66, 17, 11, 264, 2024, '05:30.02', '15/10/2023', 21),
(3660, 67, 17, 3, 2, 2024, '05:38.26', '10/02/2024', 44),
(3661, 28, 17, 31, 12, 2024, '06:18.33', '15/06/2024', 10),
(3806, 68, 15, 3, 1259, 2023, '00:52.35', '18/02/2023', 13),
(3807, 36, 15, 3, 1033, 2023, '00:52.68', '08/04/2023', 15),
(3808, 37, 15, 3, 1157, 2023, '00:56.71', '11/03/2023', 31),
(3809, 1, 15, 10, 1165, 2023, '00:58.89', '07/05/2023', 3),
(3810, 79, 15, 3, 279, 2023, '00:58.95', '20/11/2022', 42),
(3811, 24, 15, 11, 279, 2023, '01:01.27', '20/11/2022', 11),
(3812, 57, 15, 11, 2, 2023, '01:02.91', '04/02/2023', 15),
(3813, 66, 15, 11, 279, 2023, '01:03.89', '20/11/2022', 19),
(3814, 2, 15, 6, 22, 2023, '01:04.83', '08/01/2023', 4),
(3815, 80, 15, 3, 279, 2023, '01:05.80', '20/11/2022', 64),
(3816, 70, 15, 11, 2, 2023, '01:06.09', '04/02/2023', 26),
(3817, 27, 15, 31, 1165, 2023, '01:07.31', '07/05/2023', 4),
(3818, 72, 15, 2, 2, 2023, '01:08.02', '04/02/2023', 22),
(3819, 69, 15, 3, 1033, 2023, '01:08.24', '08/04/2023', 71),
(3820, 71, 15, 2, 279, 2023, '01:13.45', '20/11/2022', 40),
(3821, 43, 15, 2, 279, 2023, '01:14.47', '20/11/2022', 43),
(3822, 58, 15, 6, 22, 2023, '01:19.15', '08/01/2023', 36),
(3917, 59, 5, 15, 12, 2022, '01:38.94', '16/01/2022', 7),
(3918, 32, 5, 18, 11, 2022, '02:28.64', '27/03/2022', 26),
(7720, 13, 4, 13, 1033, 2026, '00:45.73', '24/04/2026', 23),
(7793, 13, 9, 13, 1033, 2026, '00:17.50', '24/04/2026', 15),
(7824, 50, 14, 13, 1033, 2026, '00:21.86', '24/04/2026', 27),
(7825, 16, 14, 16, 1033, 2026, '00:22.41', '24/04/2026', 2),
(7848, 50, 15, 13, 1033, 2026, '00:48.60', '24/04/2026', 18),
(7849, 16, 15, 16, 1033, 2026, '00:49.91', '24/04/2026', 1),
(7892, 16, 17, 16, 1033, 2026, '04:09.50', '24/04/2026', 1);


ALTER TABLE `categories`
  ADD PRIMARY KEY (`id`),
  ADD UNIQUE KEY `nom_categorie` (`nom_categorie`);

ALTER TABLE `epreuves`
  ADD PRIMARY KEY (`id`),
  ADD UNIQUE KEY `nom_epreuve` (`nom_epreuve`);

ALTER TABLE `grille_qualifs`
  ADD PRIMARY KEY (`id`),
  ADD KEY `grille_qualifs_ibfk_1` (`epreuve_id`),
  ADD KEY `grille_qualifs_ibfk_2` (`categorie_id`);

ALTER TABLE `lieux`
  ADD PRIMARY KEY (`id`),
  ADD UNIQUE KEY `nom_lieu` (`nom_lieu`);

ALTER TABLE `nageurs`
  ADD PRIMARY KEY (`id`),
  ADD UNIQUE KEY `unique_nageur` (`nom`,`prenom`);

ALTER TABLE `performances`
  ADD PRIMARY KEY (`id`),
  ADD UNIQUE KEY `unique_perf` (`nageur_id`,`epreuve_id`,`date_perf`,`temps`),
  ADD KEY `epreuve_id` (`epreuve_id`),
  ADD KEY `categorie_id` (`categorie_id`),
  ADD KEY `lieu_id` (`lieu_id`);


ALTER TABLE `categories`
  MODIFY `id` int NOT NULL AUTO_INCREMENT, AUTO_INCREMENT=7425;

ALTER TABLE `epreuves`
  MODIFY `id` int NOT NULL AUTO_INCREMENT, AUTO_INCREMENT=617;

ALTER TABLE `grille_qualifs`
  MODIFY `id` int NOT NULL AUTO_INCREMENT, AUTO_INCREMENT=57;

ALTER TABLE `lieux`
  MODIFY `id` int NOT NULL AUTO_INCREMENT, AUTO_INCREMENT=7709;

ALTER TABLE `nageurs`
  MODIFY `id` int NOT NULL AUTO_INCREMENT, AUTO_INCREMENT=147;

ALTER TABLE `performances`
  MODIFY `id` int NOT NULL AUTO_INCREMENT, AUTO_INCREMENT=7904;


ALTER TABLE `grille_qualifs`
  ADD CONSTRAINT `grille_qualifs_ibfk_1` FOREIGN KEY (`epreuve_id`) REFERENCES `epreuves` (`id`) ON DELETE CASCADE,
  ADD CONSTRAINT `grille_qualifs_ibfk_2` FOREIGN KEY (`categorie_id`) REFERENCES `categories` (`id`) ON DELETE CASCADE;

ALTER TABLE `performances`
  ADD CONSTRAINT `performances_ibfk_1` FOREIGN KEY (`nageur_id`) REFERENCES `nageurs` (`id`) ON DELETE CASCADE,
  ADD CONSTRAINT `performances_ibfk_2` FOREIGN KEY (`epreuve_id`) REFERENCES `epreuves` (`id`) ON DELETE CASCADE,
  ADD CONSTRAINT `performances_ibfk_3` FOREIGN KEY (`categorie_id`) REFERENCES `categories` (`id`) ON DELETE CASCADE,
  ADD CONSTRAINT `performances_ibfk_4` FOREIGN KEY (`lieu_id`) REFERENCES `lieux` (`id`) ON DELETE CASCADE;
COMMIT;
INSERT INTO `performances` (`nageur_id`, `epreuve_id`, `categorie_id`, `lieu_id`, `saison`, `temps`, `date_perf`, `classement`) VALUES (13, 9, 13, 1033, 2026, '00:17.50', '24/04/2026', 15) ON DUPLICATE KEY UPDATE `classement` = VALUES(`classement`);
